strategy,window,months,alpha_ann_ff5_umd,alpha_t_ff5_umd,beta_UMD_ff5_umd,t_UMD_ff5_umd,r2_ff5_umd,alpha_ann_ff5,alpha_t_ff5,r2_ff5,passes_criterion
mom,full,626,0.003971499236194316,0.6954828599250699,0.29751780714437426,18.90568716005414,0.5409869757436965,0.027416604373033386,3.2732319682131394,0.08274273221849027,no
mom,common,372,0.011876374126364475,1.5488925831366838,0.28996321909165845,16.936989297337224,0.5592164825897887,0.03256160869478611,2.835118617115412,0.10786994192937682,no
mom,post_2010,199,0.006923683872849985,0.6421776923644505,0.27466702199653203,11.074514971621099,0.4666403546757011,0.02196344363726309,1.6838886475754815,0.15875473758621572,no
mom,recent_18m,17,-0.004778136791444315,-0.11809477672709262,0.2298410024720598,3.533915992272856,0.5824061564860027,-0.03972265784048393,-0.6355311449487867,0.3707245647610423,low power
rev,full,432,-0.04432467009344402,-6.1267892558237715,0.13590172356134536,7.990529526077697,0.24154075864632218,-0.03357751241787876,-4.4175271437016965,0.06471517035390761,no
rev,common,372,-0.04481237150764686,-5.827515461972251,0.13415189518815696,7.58844477454369,0.2485315730981541,-0.03524231835242865,-4.4911213388956295,0.0765435677158991,no
rev,post_2010,192,-0.03500637978202853,-3.022854578362848,0.08724098621019127,3.1770216969431915,0.12697808981028358,-0.030209114931396226,-2.717340107087433,0.08175441137847206,no
rev,recent_18m,10,-0.056371386630903665,-2.830447987521236,-0.2416640107336177,-2.5987844085714613,0.7525644416558241,-0.10317259280042815,-1.704826758736745,0.5611233839078744,low power
rev_orth,full,432,-0.04630211446606415,-5.919171197892084,0.06474826393017523,4.412950058408055,0.07740988688071637,-0.041181798229878955,-5.360622084036677,0.027502144198345846,no
rev_orth,common,372,-0.04634741656850665,-5.502038409799303,0.06572102735480823,4.341481984136226,0.08879280026494074,-0.04165904653602285,-5.1075893588798245,0.03620779771566829,no
rev_orth,post_2010,192,-0.036627598160797484,-2.9441329958415268,0.06440495690118765,2.67884314982322,0.05757594394363297,-0.03308605594113305,-2.7984955076772833,0.028943510428834696,no
rev_orth,recent_18m,10,-0.0427070151384458,-2.5729542892835906,0.311119145580139,3.6130830559461162,0.7841876071420285,0.017545031624249138,0.2669198939681179,0.48285261540920443,low power
blend,full,372,0.00241558437522486,0.3609716193458305,0.29906496541150057,20.391983091099156,0.5875938517301313,0.023750114251506554,2.2133843854834114,0.10408728932333777,no
blend,common,372,0.00241558437522486,0.3609716193458305,0.29906496541150057,20.391983091099156,0.5875938517301313,0.023750114251506554,2.2133843854834114,0.10408728932333777,no
blend,post_2010,192,-0.00020083380007519499,-0.019546321073146904,0.28595876194313474,13.818188712793425,0.4632557768749985,0.015523655078294186,1.2784204973707332,0.13054621914038922,no
blend,recent_18m,10,0.032925510073354716,3.396034100761206,0.4287966373325456,8.008168987641831,0.8955395491774156,0.11596724958466395,1.5803379684895709,0.28719012885067396,low power
