strategy,year,net_return,months
blend,1995,0.06743276641075324,11
blend,1996,-0.024081134052488018,12
blend,1997,0.07497833698386414,12
blend,1998,0.0746521953191992,12
blend,1999,0.16681907337985113,12
blend,2000,0.003085298449291729,12
blend,2001,-0.040631562196357995,12
blend,2002,0.09029152089419834,12
blend,2003,-0.06093285313132335,12
blend,2004,-0.04354989429949996,12
blend,2005,0.045372297100612746,12
blend,2006,-0.01910331609196403,12
blend,2007,0.05927267770345268,12
blend,2008,0.03573779037089686,12
blend,2009,-0.1333534680509938,12
blend,2010,0.002340103129587545,12
blend,2011,-0.028398990694912585,12
blend,2012,-0.016219751320511233,12
blend,2013,0.1145570129653819,12
blend,2014,0.014675766745441576,12
blend,2015,0.04348538124645396,12
blend,2016,-0.07104515112036291,12
blend,2017,0.0014077038460373892,12
blend,2018,-0.0001532976015868881,12
blend,2019,0.011297824942059442,12
blend,2020,0.12264258192551103,12
blend,2021,-0.05751177136342189,12
blend,2022,0.09520314199358615,12
blend,2023,-0.0012524345896961497,12
blend,2024,-0.009914711090331041,12
blend,2025,0.030454935427635332,12
blend,2026,0.012072444698582263,1
mom,1974,0.061553517580186234,6
mom,1975,-0.044706890657219,12
mom,1976,0.00255115313482146,12
mom,1977,0.06567001601240197,12
mom,1978,0.08349345111335049,12
mom,1979,0.04928862650296595,12
mom,1980,0.09625755397733804,12
mom,1981,-0.05560624474003473,12
mom,1982,-0.007533728232255066,12
mom,1983,-0.07631951429275574,12
mom,1984,-0.007386360783183776,12
mom,1985,-0.03672611815268745,12
mom,1986,-0.010924937717877614,12
mom,1987,0.0206429177008296,12
mom,1988,-0.0630545793851447,12
mom,1989,0.09555145170678547,12
mom,1990,0.03314036044222446,12
mom,1991,0.09409267945994815,12
mom,1992,-0.011187162005895535,12
mom,1993,0.047346487200427445,12
mom,1994,-0.022097821624844638,12
mom,1995,0.0732047398973441,12
mom,1996,-0.025745430113414236,12
mom,1997,0.07809284811713724,12
mom,1998,0.05017067910265016,12
mom,1999,0.17997384669375704,12
mom,2000,0.02347940447476682,12
mom,2001,-0.02683900968439601,12
mom,2002,0.1110219873162912,12
mom,2003,-0.06228362495299711,12
mom,2004,-0.03049757537101294,12
mom,2005,0.04191305006903212,12
mom,2006,-0.029531070838196505,12
mom,2007,0.10197408980304568,12
mom,2008,0.0391461148394705,12
mom,2009,-0.11782671202538786,12
mom,2010,0.01135192027550036,12
mom,2011,-0.001939372021284358,12
mom,2012,-0.006415979150810491,12
mom,2013,0.11867814350425543,12
mom,2014,0.036155012230238315,12
mom,2015,0.09860506390124946,12
mom,2016,-0.08733914909445628,12
mom,2017,-0.021391193201672154,12
mom,2018,0.03620406764551709,12
mom,2019,0.009621929345614788,12
mom,2020,0.14306488410784013,12
mom,2021,-0.06636774601916495,12
mom,2022,0.1289360266672459,12
mom,2023,-0.014190740162026039,12
mom,2024,-0.01341027255539129,12
mom,2025,0.03639620344756489,12
mom,2026,0.003879463260381133,8
rev,1990,0.007048729945551058,11
rev,1991,0.005534588043426103,12
rev,1992,-0.10787539542870872,12
rev,1993,0.02855608501674034,12
rev,1994,-0.07499170458904614,12
rev,1995,-0.01463750275813358,12
rev,1996,-0.02411249541754701,12
rev,1997,-0.03021705892190285,12
rev,1998,-0.026017487001211204,12
rev,1999,-0.0662894826222884,12
rev,2000,-0.01711479734636767,12
rev,2001,-0.06456138637787578,12
rev,2002,-0.0237454581259976,12
rev,2003,-0.10989953501497318,12
rev,2004,-0.03038027168389379,12
rev,2005,-0.041820329026262315,12
rev,2006,-0.01728503035192608,12
rev,2007,0.006790332284996703,12
rev,2008,-0.0824671957775841,12
rev,2009,-0.18309045032724236,12
rev,2010,-0.009231404434993262,12
rev,2011,0.006623237482402677,12
rev,2012,-0.048182814765877935,12
rev,2013,0.0047008563379060675,12
rev,2014,0.05618596924406072,12
rev,2015,-0.06452203080692087,12
rev,2016,-0.10907299262587467,12
rev,2017,-0.03389336785255348,12
rev,2018,-0.016003085028001518,12
rev,2019,-0.01346659086608848,12
rev,2020,0.02006908192267587,12
rev,2021,-0.023495676765169837,12
rev,2022,-0.04942890875349104,12
rev,2023,-0.11710988496365082,12
rev,2024,-0.027872888938937246,12
rev,2025,-0.04350990455303039,12
rev,2026,-0.007895478253487687,1
rev_orth,1990,-0.004339239203490108,11
rev_orth,1991,-0.025720602479344712,12
rev_orth,1992,-0.10907911238308576,12
rev_orth,1993,0.013585326961436994,12
rev_orth,1994,-0.07521432989945886,12
rev_orth,1995,-0.03747512019922494,12
rev_orth,1996,-0.01821154520124668,12
rev_orth,1997,-0.046536284828706975,12
rev_orth,1998,-0.04399943631463488,12
rev_orth,1999,-0.11594549042905389,12
rev_orth,2000,-0.02352412270243398,12
rev_orth,2001,-0.05407124566337684,12
rev_orth,2002,-0.035686287837489616,12
rev_orth,2003,-0.10043424324040995,12
rev_orth,2004,-0.02513463025432572,12
rev_orth,2005,-0.04533041634901158,12
rev_orth,2006,-0.008743529688671203,12
rev_orth,2007,-0.011876147947851301,12
rev_orth,2008,-0.10337390810858738,12
rev_orth,2009,-0.14692701041272527,12
rev_orth,2010,-0.008321771802008882,12
rev_orth,2011,0.006748333986946298,12
rev_orth,2012,-0.04220173731663235,12
rev_orth,2013,-0.03319006989619244,12
rev_orth,2014,0.05514563614774137,12
rev_orth,2015,-0.08412663166059742,12
rev_orth,2016,-0.10925247041289399,12
rev_orth,2017,-0.03522257932390915,12
rev_orth,2018,-0.005919306734255558,12
rev_orth,2019,-0.027148353342023368,12
rev_orth,2020,-0.013133872177898187,12
rev_orth,2021,-0.02045696711922884,12
rev_orth,2022,-0.08998251741250585,12
rev_orth,2023,-0.10708979748746528,12
rev_orth,2024,-0.06773059718892982,12
rev_orth,2025,-0.027256419226566297,12
rev_orth,2026,0.0057702029734758575,1
