month,history_ic_months,mean_mom_ic,mean_rev_ic,signal_corr,mom_weight,rev_weight
1926-07-31,0,,,,,
1926-08-31,0,,,,,
1926-09-30,0,,,,,
1926-10-31,0,,,,,
1926-11-30,0,,,,,
1926-12-31,0,,,,,
1927-01-31,0,,,,,
1927-02-28,0,,,,,
1927-03-31,0,,,,,
1927-04-30,0,,,,,
1927-05-31,0,,,,,
1927-06-30,0,,,,,
1927-07-31,0,,,,,
1927-08-31,0,,,,,
1927-09-30,0,,,,,
1927-10-31,0,,,,,
1927-11-30,0,,,,,
1927-12-31,0,,,,,
1928-01-31,0,,,,,
1928-02-29,0,,,,,
1928-03-31,0,,,,,
1928-04-30,0,,,,,
1928-05-31,0,,,,,
1928-06-30,0,,,,,
1928-07-31,0,,,,,
1928-08-31,0,,,,,
1928-09-30,0,,,,,
1928-10-31,0,,,,,
1928-11-30,0,,,,,
1928-12-31,0,,,,,
1929-01-31,0,,,,,
1929-02-28,0,,,,,
1929-03-31,0,,,,,
1929-04-30,0,,,,,
1929-05-31,0,,,,,
1929-06-30,0,,,,,
1929-07-31,0,,,,,
1929-08-31,0,,,,,
1929-09-30,0,,,,,
1929-10-31,0,,,,,
1929-11-30,0,,,,,
1929-12-31,0,,,,,
1930-01-31,0,,,,,
1930-02-28,0,,,,,
1930-03-31,0,,,,,
1930-04-30,0,,,,,
1930-05-31,0,,,,,
1930-06-30,0,,,,,
1930-07-31,0,,,,,
1930-08-31,0,,,,,
1930-09-30,0,,,,,
1930-10-31,0,,,,,
1930-11-30,0,,,,,
1930-12-31,0,,,,,
1931-01-31,0,,,,,
1931-02-28,0,,,,,
1931-03-31,0,,,,,
1931-04-30,0,,,,,
1931-05-31,0,,,,,
1931-06-30,0,,,,,
1931-07-31,0,,,,,
1931-08-31,0,,,,,
1931-09-30,0,,,,,
1931-10-31,0,,,,,
1931-11-30,0,,,,,
1931-12-31,0,,,,,
1932-01-31,0,,,,,
1932-02-29,0,,,,,
1932-03-31,0,,,,,
1932-04-30,0,,,,,
1932-05-31,0,,,,,
1932-06-30,0,,,,,
1932-07-31,0,,,,,
1932-08-31,0,,,,,
1932-09-30,0,,,,,
1932-10-31,0,,,,,
1932-11-30,0,,,,,
1932-12-31,0,,,,,
1933-01-31,0,,,,,
1933-02-28,0,,,,,
1933-03-31,0,,,,,
1933-04-30,0,,,,,
1933-05-31,0,,,,,
1933-06-30,0,,,,,
1933-07-31,0,,,,,
1933-08-31,0,,,,,
1933-09-30,0,,,,,
1933-10-31,0,,,,,
1933-11-30,0,,,,,
1933-12-31,0,,,,,
1934-01-31,0,,,,,
1934-02-28,0,,,,,
1934-03-31,0,,,,,
1934-04-30,0,,,,,
1934-05-31,0,,,,,
1934-06-30,0,,,,,
1934-07-31,0,,,,,
1934-08-31,0,,,,,
1934-09-30,0,,,,,
1934-10-31,0,,,,,
1934-11-30,0,,,,,
1934-12-31,0,,,,,
1935-01-31,0,,,,,
1935-02-28,0,,,,,
1935-03-31,0,,,,,
1935-04-30,0,,,,,
1935-05-31,0,,,,,
1935-06-30,0,,,,,
1935-07-31,0,,,,,
1935-08-31,0,,,,,
1935-09-30,0,,,,,
1935-10-31,0,,,,,
1935-11-30,0,,,,,
1935-12-31,0,,,,,
1936-01-31,0,,,,,
1936-02-29,0,,,,,
1936-03-31,0,,,,,
1936-04-30,0,,,,,
1936-05-31,0,,,,,
1936-06-30,0,,,,,
1936-07-31,0,,,,,
1936-08-31,0,,,,,
1936-09-30,0,,,,,
1936-10-31,0,,,,,
1936-11-30,0,,,,,
1936-12-31,0,,,,,
1937-01-31,0,,,,,
1937-02-28,0,,,,,
1937-03-31,0,,,,,
1937-04-30,0,,,,,
1937-05-31,0,,,,,
1937-06-30,0,,,,,
1937-07-31,0,,,,,
1937-08-31,0,,,,,
1937-09-30,0,,,,,
1937-10-31,0,,,,,
1937-11-30,0,,,,,
1937-12-31,0,,,,,
1938-01-31,0,,,,,
1938-02-28,0,,,,,
1938-03-31,0,,,,,
1938-04-30,0,,,,,
1938-05-31,0,,,,,
1938-06-30,0,,,,,
1938-07-31,0,,,,,
1938-08-31,0,,,,,
1938-09-30,0,,,,,
1938-10-31,0,,,,,
1938-11-30,0,,,,,
1938-12-31,0,,,,,
1939-01-31,0,,,,,
1939-02-28,0,,,,,
1939-03-31,0,,,,,
1939-04-30,0,,,,,
1939-05-31,0,,,,,
1939-06-30,0,,,,,
1939-07-31,0,,,,,
1939-08-31,0,,,,,
1939-09-30,0,,,,,
1939-10-31,0,,,,,
1939-11-30,0,,,,,
1939-12-31,0,,,,,
1940-01-31,0,,,,,
1940-02-29,0,,,,,
1940-03-31,0,,,,,
1940-04-30,0,,,,,
1940-05-31,0,,,,,
1940-06-30,0,,,,,
1940-07-31,0,,,,,
1940-08-31,0,,,,,
1940-09-30,0,,,,,
1940-10-31,0,,,,,
1940-11-30,0,,,,,
1940-12-31,0,,,,,
1941-01-31,0,,,,,
1941-02-28,0,,,,,
1941-03-31,0,,,,,
1941-04-30,0,,,,,
1941-05-31,0,,,,,
1941-06-30,0,,,,,
1941-07-31,0,,,,,
1941-08-31,0,,,,,
1941-09-30,0,,,,,
1941-10-31,0,,,,,
1941-11-30,0,,,,,
1941-12-31,0,,,,,
1942-01-31,0,,,,,
1942-02-28,0,,,,,
1942-03-31,0,,,,,
1942-04-30,0,,,,,
1942-05-31,0,,,,,
1942-06-30,0,,,,,
1942-07-31,0,,,,,
1942-08-31,0,,,,,
1942-09-30,0,,,,,
1942-10-31,0,,,,,
1942-11-30,0,,,,,
1942-12-31,0,,,,,
1943-01-31,0,,,,,
1943-02-28,0,,,,,
1943-03-31,0,,,,,
1943-04-30,0,,,,,
1943-05-31,0,,,,,
1943-06-30,0,,,,,
1943-07-31,0,,,,,
1943-08-31,0,,,,,
1943-09-30,0,,,,,
1943-10-31,0,,,,,
1943-11-30,0,,,,,
1943-12-31,0,,,,,
1944-01-31,0,,,,,
1944-02-29,0,,,,,
1944-03-31,0,,,,,
1944-04-30,0,,,,,
1944-05-31,0,,,,,
1944-06-30,0,,,,,
1944-07-31,0,,,,,
1944-08-31,0,,,,,
1944-09-30,0,,,,,
1944-10-31,0,,,,,
1944-11-30,0,,,,,
1944-12-31,0,,,,,
1945-01-31,0,,,,,
1945-02-28,0,,,,,
1945-03-31,0,,,,,
1945-04-30,0,,,,,
1945-05-31,0,,,,,
1945-06-30,0,,,,,
1945-07-31,0,,,,,
1945-08-31,0,,,,,
1945-09-30,0,,,,,
1945-10-31,0,,,,,
1945-11-30,0,,,,,
1945-12-31,0,,,,,
1946-01-31,0,,,,,
1946-02-28,0,,,,,
1946-03-31,0,,,,,
1946-04-30,0,,,,,
1946-05-31,0,,,,,
1946-06-30,0,,,,,
1946-07-31,0,,,,,
1946-08-31,0,,,,,
1946-09-30,0,,,,,
1946-10-31,0,,,,,
1946-11-30,0,,,,,
1946-12-31,0,,,,,
1947-01-31,0,,,,,
1947-02-28,0,,,,,
1947-03-31,0,,,,,
1947-04-30,0,,,,,
1947-05-31,0,,,,,
1947-06-30,0,,,,,
1947-07-31,0,,,,,
1947-08-31,0,,,,,
1947-09-30,0,,,,,
1947-10-31,0,,,,,
1947-11-30,0,,,,,
1947-12-31,0,,,,,
1948-01-31,0,,,,,
1948-02-29,0,,,,,
1948-03-31,0,,,,,
1948-04-30,0,,,,,
1948-05-31,0,,,,,
1948-06-30,0,,,,,
1948-07-31,0,,,,,
1948-08-31,0,,,,,
1948-09-30,0,,,,,
1948-10-31,0,,,,,
1948-11-30,0,,,,,
1948-12-31,0,,,,,
1949-01-31,0,,,,,
1949-02-28,0,,,,,
1949-03-31,0,,,,,
1949-04-30,0,,,,,
1949-05-31,0,,,,,
1949-06-30,0,,,,,
1949-07-31,0,,,,,
1949-08-31,0,,,,,
1949-09-30,0,,,,,
1949-10-31,0,,,,,
1949-11-30,0,,,,,
1949-12-31,0,,,,,
1950-01-31,0,,,,,
1950-02-28,0,,,,,
1950-03-31,0,,,,,
1950-04-30,0,,,,,
1950-05-31,0,,,,,
1950-06-30,0,,,,,
1950-07-31,0,,,,,
1950-08-31,0,,,,,
1950-09-30,0,,,,,
1950-10-31,0,,,,,
1950-11-30,0,,,,,
1950-12-31,0,,,,,
1951-01-31,0,,,,,
1951-02-28,0,,,,,
1951-03-31,0,,,,,
1951-04-30,0,,,,,
1951-05-31,0,,,,,
1951-06-30,0,,,,,
1951-07-31,0,,,,,
1951-08-31,0,,,,,
1951-09-30,0,,,,,
1951-10-31,0,,,,,
1951-11-30,0,,,,,
1951-12-31,0,,,,,
1952-01-31,0,,,,,
1952-02-29,0,,,,,
1952-03-31,0,,,,,
1952-04-30,0,,,,,
1952-05-31,0,,,,,
1952-06-30,0,,,,,
1952-07-31,0,,,,,
1952-08-31,0,,,,,
1952-09-30,0,,,,,
1952-10-31,0,,,,,
1952-11-30,0,,,,,
1952-12-31,0,,,,,
1953-01-31,0,,,,,
1953-02-28,0,,,,,
1953-03-31,0,,,,,
1953-04-30,0,,,,,
1953-05-31,0,,,,,
1953-06-30,0,,,,,
1953-07-31,0,,,,,
1953-08-31,0,,,,,
1953-09-30,0,,,,,
1953-10-31,0,,,,,
1953-11-30,0,,,,,
1953-12-31,0,,,,,
1954-01-31,0,,,,,
1954-02-28,0,,,,,
1954-03-31,0,,,,,
1954-04-30,0,,,,,
1954-05-31,0,,,,,
1954-06-30,0,,,,,
1954-07-31,0,,,,,
1954-08-31,0,,,,,
1954-09-30,0,,,,,
1954-10-31,0,,,,,
1954-11-30,0,,,,,
1954-12-31,0,,,,,
1955-01-31,0,,,,,
1955-02-28,0,,,,,
1955-03-31,0,,,,,
1955-04-30,0,,,,,
1955-05-31,0,,,,,
1955-06-30,0,,,,,
1955-07-31,0,,,,,
1955-08-31,0,,,,,
1955-09-30,0,,,,,
1955-10-31,0,,,,,
1955-11-30,0,,,,,
1955-12-31,0,,,,,
1956-01-31,0,,,,,
1956-02-29,0,,,,,
1956-03-31,0,,,,,
1956-04-30,0,,,,,
1956-05-31,0,,,,,
1956-06-30,0,,,,,
1956-07-31,0,,,,,
1956-08-31,0,,,,,
1956-09-30,0,,,,,
1956-10-31,0,,,,,
1956-11-30,0,,,,,
1956-12-31,0,,,,,
1957-01-31,0,,,,,
1957-02-28,0,,,,,
1957-03-31,0,,,,,
1957-04-30,0,,,,,
1957-05-31,0,,,,,
1957-06-30,0,,,,,
1957-07-31,0,,,,,
1957-08-31,0,,,,,
1957-09-30,0,,,,,
1957-10-31,0,,,,,
1957-11-30,0,,,,,
1957-12-31,0,,,,,
1958-01-31,0,,,,,
1958-02-28,0,,,,,
1958-03-31,0,,,,,
1958-04-30,0,,,,,
1958-05-31,0,,,,,
1958-06-30,0,,,,,
1958-07-31,0,,,,,
1958-08-31,0,,,,,
1958-09-30,0,,,,,
1958-10-31,0,,,,,
1958-11-30,0,,,,,
1958-12-31,0,,,,,
1959-01-31,0,,,,,
1959-02-28,0,,,,,
1959-03-31,0,,,,,
1959-04-30,0,,,,,
1959-05-31,0,,,,,
1959-06-30,0,,,,,
1959-07-31,0,,,,,
1959-08-31,0,,,,,
1959-09-30,0,,,,,
1959-10-31,0,,,,,
1959-11-30,0,,,,,
1959-12-31,0,,,,,
1960-01-31,0,,,,,
1960-02-29,0,,,,,
1960-03-31,0,,,,,
1960-04-30,0,,,,,
1960-05-31,0,,,,,
1960-06-30,0,,,,,
1960-07-31,0,,,,,
1960-08-31,0,,,,,
1960-09-30,0,,,,,
1960-10-31,0,,,,,
1960-11-30,0,,,,,
1960-12-31,0,,,,,
1961-01-31,0,,,,,
1961-02-28,0,,,,,
1961-03-31,0,,,,,
1961-04-30,0,,,,,
1961-05-31,0,,,,,
1961-06-30,0,,,,,
1961-07-31,0,,,,,
1961-08-31,0,,,,,
1961-09-30,0,,,,,
1961-10-31,0,,,,,
1961-11-30,0,,,,,
1961-12-31,0,,,,,
1962-01-31,0,,,,,
1962-02-28,0,,,,,
1962-03-31,0,,,,,
1962-04-30,0,,,,,
1962-05-31,0,,,,,
1962-06-30,0,,,,,
1962-07-31,0,,,,,
1962-08-31,0,,,,,
1962-09-30,0,,,,,
1962-10-31,0,,,,,
1962-11-30,0,,,,,
1962-12-31,0,,,,,
1963-01-31,0,,,,,
1963-02-28,0,,,,,
1963-03-31,0,,,,,
1963-04-30,0,,,,,
1963-05-31,0,,,,,
1963-06-30,0,,,,,
1963-07-31,0,,,,,
1963-08-31,0,,,,,
1963-09-30,0,,,,,
1963-10-31,0,,,,,
1963-11-30,0,,,,,
1963-12-31,0,,,,,
1964-01-31,0,,,,,
1964-02-29,0,,,,,
1964-03-31,0,,,,,
1964-04-30,0,,,,,
1964-05-31,0,,,,,
1964-06-30,0,,,,,
1964-07-31,0,,,,,
1964-08-31,0,,,,,
1964-09-30,0,,,,,
1964-10-31,0,,,,,
1964-11-30,0,,,,,
1964-12-31,0,,,,,
1965-01-31,0,,,,,
1965-02-28,0,,,,,
1965-03-31,0,,,,,
1965-04-30,0,,,,,
1965-05-31,0,,,,,
1965-06-30,0,,,,,
1965-07-31,0,,,,,
1965-08-31,0,,,,,
1965-09-30,0,,,,,
1965-10-31,0,,,,,
1965-11-30,0,,,,,
1965-12-31,0,,,,,
1966-01-31,0,,,,,
1966-02-28,0,,,,,
1966-03-31,0,,,,,
1966-04-30,0,,,,,
1966-05-31,0,,,,,
1966-06-30,0,,,,,
1966-07-31,0,,,,,
1966-08-31,0,,,,,
1966-09-30,0,,,,,
1966-10-31,0,,,,,
1966-11-30,0,,,,,
1966-12-31,0,,,,,
1967-01-31,0,,,,,
1967-02-28,0,,,,,
1967-03-31,0,,,,,
1967-04-30,0,,,,,
1967-05-31,0,,,,,
1967-06-30,0,,,,,
1967-07-31,0,,,,,
1967-08-31,0,,,,,
1967-09-30,0,,,,,
1967-10-31,0,,,,,
1967-11-30,0,,,,,
1967-12-31,0,,,,,
1968-01-31,0,,,,,
1968-02-29,0,,,,,
1968-03-31,0,,,,,
1968-04-30,0,,,,,
1968-05-31,0,,,,,
1968-06-30,0,,,,,
1968-07-31,0,,,,,
1968-08-31,0,,,,,
1968-09-30,0,,,,,
1968-10-31,0,,,,,
1968-11-30,0,,,,,
1968-12-31,0,,,,,
1969-01-31,0,,,,,
1969-02-28,0,,,,,
1969-03-31,0,,,,,
1969-04-30,0,,,,,
1969-05-31,0,,,,,
1969-06-30,0,,,,,
1969-07-31,0,,,,,
1969-08-31,0,,,,,
1969-09-30,0,,,,,
1969-10-31,0,,,,,
1969-11-30,0,,,,,
1969-12-31,0,,,,,
1970-01-31,0,,,,,
1970-02-28,0,,,,,
1970-03-31,0,,,,,
1970-04-30,0,,,,,
1970-05-31,0,,,,,
1970-06-30,0,,,,,
1970-07-31,0,,,,,
1970-08-31,0,,,,,
1970-09-30,0,,,,,
1970-10-31,0,,,,,
1970-11-30,0,,,,,
1970-12-31,0,,,,,
1971-01-31,0,,,,,
1971-02-28,0,,,,,
1971-03-31,0,,,,,
1971-04-30,0,,,,,
1971-05-31,0,,,,,
1971-06-30,0,,,,,
1971-07-31,0,,,,,
1971-08-31,0,,,,,
1971-09-30,0,,,,,
1971-10-31,0,,,,,
1971-11-30,0,,,,,
1971-12-31,0,,,,,
1972-01-31,0,,,,,
1972-02-29,0,,,,,
1972-03-31,0,,,,,
1972-04-30,0,,,,,
1972-05-31,0,,,,,
1972-06-30,0,,,,,
1972-07-31,0,,,,,
1972-08-31,0,,,,,
1972-09-30,0,,,,,
1972-10-31,0,,,,,
1972-11-30,0,,,,,
1972-12-31,0,,,,,
1973-01-31,0,,,,,
1973-02-28,0,,,,,
1973-03-31,0,,,,,
1973-04-30,0,,,,,
1973-05-31,0,,,,,
1973-06-30,0,,,,,
1973-07-31,0,,,,,
1973-08-31,0,,,,,
1973-09-30,0,,,,,
1973-10-31,0,,,,,
1973-11-30,0,,,,,
1973-12-31,0,,,,,
1974-01-31,0,,,,,
1974-02-28,0,,,,,
1974-03-31,0,,,,,
1974-04-30,0,,,,,
1974-05-31,0,,,,,
1974-06-30,0,,,,,
1974-07-31,0,,,,,
1974-08-31,0,,,,,
1974-09-30,0,,,,,
1974-10-31,0,,,,,
1974-11-30,0,,,,,
1974-12-31,0,,,,,
1975-01-31,0,,,,,
1975-02-28,0,,,,,
1975-03-31,0,,,,,
1975-04-30,0,,,,,
1975-05-31,0,,,,,
1975-06-30,0,,,,,
1975-07-31,0,,,,,
1975-08-31,0,,,,,
1975-09-30,0,,,,,
1975-10-31,0,,,,,
1975-11-30,0,,,,,
1975-12-31,0,,,,,
1976-01-31,0,,,,,
1976-02-29,0,,,,,
1976-03-31,0,,,,,
1976-04-30,0,,,,,
1976-05-31,0,,,,,
1976-06-30,0,,,,,
1976-07-31,0,,,,,
1976-08-31,0,,,,,
1976-09-30,0,,,,,
1976-10-31,0,,,,,
1976-11-30,0,,,,,
1976-12-31,0,,,,,
1977-01-31,0,,,,,
1977-02-28,0,,,,,
1977-03-31,0,,,,,
1977-04-30,0,,,,,
1977-05-31,0,,,,,
1977-06-30,0,,,,,
1977-07-31,0,,,,,
1977-08-31,0,,,,,
1977-09-30,0,,,,,
1977-10-31,0,,,,,
1977-11-30,0,,,,,
1977-12-31,0,,,,,
1978-01-31,0,,,,,
1978-02-28,0,,,,,
1978-03-31,0,,,,,
1978-04-30,0,,,,,
1978-05-31,0,,,,,
1978-06-30,0,,,,,
1978-07-31,0,,,,,
1978-08-31,0,,,,,
1978-09-30,0,,,,,
1978-10-31,0,,,,,
1978-11-30,0,,,,,
1978-12-31,0,,,,,
1979-01-31,0,,,,,
1979-02-28,0,,,,,
1979-03-31,0,,,,,
1979-04-30,0,,,,,
1979-05-31,0,,,,,
1979-06-30,0,,,,,
1979-07-31,0,,,,,
1979-08-31,0,,,,,
1979-09-30,0,,,,,
1979-10-31,0,,,,,
1979-11-30,0,,,,,
1979-12-31,0,,,,,
1980-01-31,0,,,,,
1980-02-29,0,,,,,
1980-03-31,0,,,,,
1980-04-30,0,,,,,
1980-05-31,0,,,,,
1980-06-30,0,,,,,
1980-07-31,0,,,,,
1980-08-31,0,,,,,
1980-09-30,0,,,,,
1980-10-31,0,,,,,
1980-11-30,0,,,,,
1980-12-31,0,,,,,
1981-01-31,0,,,,,
1981-02-28,0,,,,,
1981-03-31,0,,,,,
1981-04-30,0,,,,,
1981-05-31,0,,,,,
1981-06-30,0,,,,,
1981-07-31,0,,,,,
1981-08-31,0,,,,,
1981-09-30,0,,,,,
1981-10-31,0,,,,,
1981-11-30,0,,,,,
1981-12-31,0,,,,,
1982-01-31,0,,,,,
1982-02-28,0,,,,,
1982-03-31,0,,,,,
1982-04-30,0,,,,,
1982-05-31,0,,,,,
1982-06-30,0,,,,,
1982-07-31,0,,,,,
1982-08-31,0,,,,,
1982-09-30,0,,,,,
1982-10-31,0,,,,,
1982-11-30,0,,,,,
1982-12-31,0,,,,,
1983-01-31,0,,,,,
1983-02-28,0,,,,,
1983-03-31,0,,,,,
1983-04-30,0,,,,,
1983-05-31,0,,,,,
1983-06-30,0,,,,,
1983-07-31,0,,,,,
1983-08-31,0,,,,,
1983-09-30,0,,,,,
1983-10-31,0,,,,,
1983-11-30,0,,,,,
1983-12-31,0,,,,,
1984-01-31,0,,,,,
1984-02-29,0,,,,,
1984-03-31,0,,,,,
1984-04-30,0,,,,,
1984-05-31,0,,,,,
1984-06-30,0,,,,,
1984-07-31,0,,,,,
1984-08-31,0,,,,,
1984-09-30,0,,,,,
1984-10-31,0,,,,,
1984-11-30,0,,,,,
1984-12-31,0,,,,,
1985-01-31,0,,,,,
1985-02-28,1,,,,,
1985-03-31,2,,,,,
1985-04-30,3,,,,,
1985-05-31,4,,,,,
1985-06-30,5,,,,,
1985-07-31,6,,,,,
1985-08-31,7,,,,,
1985-09-30,8,,,,,
1985-10-31,9,,,,,
1985-11-30,10,,,,,
1985-12-31,11,,,,,
1986-01-31,12,,,,,
1986-02-28,13,,,,,
1986-03-31,14,,,,,
1986-04-30,15,,,,,
1986-05-31,16,,,,,
1986-06-30,17,,,,,
1986-07-31,18,,,,,
1986-08-31,19,,,,,
1986-09-30,20,,,,,
1986-10-31,21,,,,,
1986-11-30,22,,,,,
1986-12-31,23,,,,,
1987-01-31,24,,,,,
1987-02-28,25,,,,,
1987-03-31,26,,,,,
1987-04-30,27,,,,,
1987-05-31,28,,,,,
1987-06-30,29,,,,,
1987-07-31,30,,,,,
1987-08-31,31,,,,,
1987-09-30,32,,,,,
1987-10-31,33,,,,,
1987-11-30,34,,,,,
1987-12-31,35,,,,,
1988-01-31,36,,,,,
1988-02-29,37,,,,,
1988-03-31,38,,,,,
1988-04-30,39,,,,,
1988-05-31,40,,,,,
1988-06-30,41,,,,,
1988-07-31,42,,,,,
1988-08-31,43,,,,,
1988-09-30,44,,,,,
1988-10-31,45,,,,,
1988-11-30,46,,,,,
1988-12-31,47,,,,,
1989-01-31,48,,,,,
1989-02-28,49,,,,,
1989-03-31,50,,,,,
1989-04-30,51,,,,,
1989-05-31,52,,,,,
1989-06-30,53,,,,,
1989-07-31,54,,,,,
1989-08-31,55,,,,,
1989-09-30,56,,,,,
1989-10-31,57,,,,,
1989-11-30,58,,,,,
1989-12-31,59,,,,,
1990-01-31,60,0.08340360339498579,0.06439329886639285,0.41419429329312973,0.6552562989088038,0.3447437010911963
1990-02-28,61,0.07744091440693127,0.05895873922045152,0.41636204233214735,0.6644146717210672,0.3355853282789327
1990-03-31,62,0.07597791085000577,0.06347564813945362,0.4142108369579227,0.6082185848063671,0.39178141519363296
1990-04-30,63,0.07534528447111032,0.062399085056494726,0.41160614223772285,0.6127415107236287,0.3872584892763713
1990-05-31,64,0.07860849757828536,0.06545983897018177,0.40862620761001733,0.6086967607896054,0.39130323921039467
1990-06-30,65,0.07716051146530797,0.06727644798104615,0.4079175109194251,0.5813621069529653,0.4186378930470347
1990-07-31,66,0.08143513575046564,0.06625617344660584,0.4059767552758563,0.6216275188565731,0.378372481143427
1990-08-31,67,0.08395559823850315,0.0681382120487508,0.4037998109983719,0.6224351880969553,0.37756481190304475
1990-09-30,68,0.08755076217157097,0.07063704022412284,0.40423910940990465,0.6260100757684784,0.3739899242315215
1990-10-31,69,0.0910748712084219,0.07190084054242668,0.40597190015056117,0.6392291549575244,0.36077084504247564
1990-11-30,70,0.08505064905963672,0.06709992320812022,0.40955728685698456,0.6408261778600727,0.35917382213992727
1990-12-31,71,0.08045576984614362,0.06399970017046099,0.41164061165726656,0.6366606828735317,0.3633393171264682
1991-01-31,72,0.07877852134204472,0.06036901258843472,0.41144711210209334,0.6586411336539225,0.3413588663460775
1991-02-28,73,0.0747248038285529,0.05959437977029583,0.41375034218749646,0.635822957169036,0.36417704283096397
1991-03-31,74,0.07841026566319188,0.06331848093032762,0.414512272525446,0.6286297967686807,0.37137020323131925
1991-04-30,75,0.07234685235548295,0.060398661963504914,0.4149643635502408,0.6088467497345875,0.3911532502654126
1991-05-31,76,0.0713116698923701,0.05757103641716392,0.41573477661470143,0.6291677147099819,0.370832285290018
1991-06-30,77,0.07004561177855942,0.05535762107915583,0.4155835406868318,0.6418524124591403,0.35814758754085974
1991-07-31,78,0.07340321644178562,0.056905235407611984,0.41422858141971447,0.6528338846286525,0.3471661153713474
1991-08-31,79,0.07794565579108834,0.06038663816029014,0.4144852688648691,0.6533229769992144,0.3466770230007856
1991-09-30,80,0.07926418167048906,0.06132449093344179,0.4112501920932071,0.652935342992244,0.347064657007756
1991-10-31,81,0.07904654730202637,0.06021762205924854,0.4087604355759745,0.6610756157095252,0.3389243842904748
1991-11-30,82,0.08032192030328204,0.06325134253189257,0.4072974976404911,0.6411542013833577,0.3588457986166423
1991-12-31,83,0.08484608939532795,0.06505419075989691,0.4066579322063815,0.6565086612678804,0.34349133873211946
1992-01-31,84,0.08136395664985392,0.06327610924867734,0.4075665708151787,0.6485585549359616,0.3514414450640384
1992-02-29,85,0.0791930481562542,0.06011489533166709,0.4062265744605623,0.6621679365550476,0.33783206344495237
1992-03-31,86,0.07956141973430939,0.0572658623981632,0.4069587951580112,0.6932912284836861,0.3067087715163139
1992-04-30,87,0.07660839809247552,0.05545781891882659,0.40692887020579566,0.6899616305989444,0.3100383694010555
1992-05-31,88,0.07780833872629374,0.05171022068412934,0.40691814651152947,0.7390019174955598,0.26099808250444023
1992-06-30,89,0.07579266283289614,0.0520737368051815,0.4075950029215426,0.7203776721577921,0.27962232784220786
1992-07-31,90,0.07458146510086489,0.04813652685840752,0.40327326031991495,0.7533792647768122,0.24662073522318784
1992-08-31,91,0.07232374915998444,0.04612671965776767,0.40461911645601406,0.7608849091138028,0.23911509088619723
1992-09-30,92,0.07232849830686051,0.045399711351236716,0.4033282651764748,0.7689862390461346,0.23101376095386553
1992-10-31,93,0.07297444280691447,0.044935788882959016,0.40041731264452474,0.7777052298320559,0.222294770167944
1992-11-30,94,0.0743117743362565,0.045858965262233,0.39605987418762817,0.7736570112487673,0.22634298875123265
1992-12-31,95,0.07509832843999817,0.045757841463112174,0.3935156625634531,0.7789078642686388,0.22109213573136124
1993-01-31,96,0.08112320062844047,0.04641528321925394,0.3915110123202524,0.8111653533720544,0.18883464662794563
1993-02-28,97,0.08182703750350431,0.046803481750593665,0.38887267028035455,0.809397601984458,0.19060239801554196
1993-03-31,98,0.08323696569224406,0.05097602074724839,0.38852344316785964,0.7729140870612806,0.22708591293871935
1993-04-30,99,0.0827899215118854,0.0504085506865323,0.386866947758887,0.7749451484427996,0.22505485155720034
1993-05-31,100,0.0799106878848136,0.049961135509554604,0.3876570445030751,0.7612960357238623,0.23870396427613777
1993-06-30,101,0.08332044878016259,0.05111000481825661,0.3866364642960262,0.7708405668117654,0.22915943318823462
1993-07-31,102,0.08532771128711979,0.05232415914877359,0.3870461278751046,0.7712761940597306,0.22872380594026953
1993-08-31,103,0.08623307855671974,0.05257287218372969,0.38737900643208784,0.7745882421079124,0.2254117578920876
1993-09-30,104,0.0886251503614185,0.05480040018189759,0.38964166592503136,0.7684701618534271,0.23152983814657296
1993-10-31,105,0.08449287359696721,0.053473460993345275,0.3898836821785607,0.7560921481904752,0.2439078518095247
1993-11-30,106,0.07854533495495195,0.050041438696110656,0.3898822190247893,0.7524888767696327,0.24751112323036714
1993-12-31,107,0.07949923130955949,0.04899235127073873,0.3907565516817839,0.7709900639296712,0.22900993607032877
1994-01-31,108,0.0784211016167839,0.04923787383451996,0.3901068138354442,0.7605231768666693,0.23947682313333069
1994-02-28,109,0.0799733362307619,0.0490874517063562,0.38865413142983374,0.7717958644997108,0.2282041355002892
1994-03-31,110,0.07798653350419023,0.04592162979096078,0.3898504299432236,0.7947350471713905,0.20526495282860943
1994-04-30,111,0.07402324243198848,0.04399739145805224,0.3909941336398198,0.7905435298425414,0.2094564701574587
1994-05-31,112,0.07312544015808768,0.04311208205401039,0.3910532785872207,0.7949189766689005,0.20508102333109943
1994-06-30,113,0.07148138262372859,0.04073408756594717,0.3909857535474861,0.8129099809916339,0.18709001900836605
1994-07-31,114,0.07104500816104282,0.043513080792988504,0.388281225571363,0.7727134139486767,0.22728658605132332
1994-08-31,115,0.07409359637756614,0.04384266743775713,0.3862413088314196,0.7896693439298577,0.21033065607014229
1994-09-30,116,0.07430637149676024,0.044043044520463516,0.3870078154732513,0.7892973969822491,0.210702603017751
1994-10-31,117,0.07284535419284584,0.04370186511667349,0.384376387461365,0.7811567709208525,0.21884322907914752
1994-11-30,118,0.07169704899139774,0.0428513227209906,0.38426494002905337,0.7830661242632487,0.21693387573675138
1994-12-31,119,0.07197094803678644,0.045427363763491775,0.3848362858905939,0.7544927669284224,0.24550723307157768
1995-01-31,120,0.07132102006845269,0.04474430039447903,0.3831849263094868,0.7567403766845526,0.24325962331544734
1995-02-28,121,0.07269797397966296,0.04563602997163066,0.3812354569313619,0.7552476396993905,0.24475236030060943
1995-03-31,122,0.07403343539664047,0.04685832935378142,0.38051196599470166,0.7504677346506399,0.24953226534936002
1995-04-30,123,0.0768080100881229,0.048648448524951725,0.3797922725339908,0.7496774983525002,0.25032250164749986
1995-05-31,124,0.0760087802715853,0.04575412633316484,0.3811085049766002,0.7772429252907884,0.22275707470921152
1995-06-30,125,0.07697952581604335,0.046479742575215165,0.3832029181709561,0.7770043851920801,0.22299561480791988
1995-07-31,126,0.076051108782208,0.04676383776507554,0.3831455594462293,0.7673516558250154,0.23264834417498448
1995-08-31,127,0.07421654276415751,0.046926440862061804,0.38413108774061727,0.7531429498956486,0.24685705010435155
1995-09-30,128,0.07608862089408913,0.04654040407633019,0.3835390283877953,0.7703919977554993,0.22960800224450076
1995-10-31,129,0.07925392205502277,0.049394565483426925,0.3830363230679144,0.7601475586873281,0.23985244131267192
1995-11-30,130,0.07711166283467841,0.04690556602856643,0.3848784656448854,0.7741784534185752,0.2258215465814249
1995-12-31,131,0.07521593366849959,0.04809122126796967,0.38638776885986303,0.7485064008569964,0.2514935991430037
1996-01-31,132,0.07592668359839976,0.0484509392377212,0.38752561145628495,0.750224767636048,0.24977523236395202
1996-02-29,133,0.07493766909842713,0.047543255143239094,0.3884917122887546,0.7539244427267635,0.24607555727323638
1996-03-31,134,0.07172994052915772,0.04489045122474294,0.3899223497445864,0.7621652825850102,0.2378347174149899
1996-04-30,135,0.06944908526615058,0.04302291067676916,0.3899776372720097,0.7676837200209295,0.2323162799790703
1996-05-31,136,0.06818512890690066,0.042181112733405246,0.3900489980827486,0.7684783921629628,0.23152160783703732
1996-06-30,137,0.06718020244832205,0.04283711668443187,0.3905109735797341,0.7524021821686445,0.24759781783135548
1996-07-31,138,0.06751971925159803,0.04310237402453691,0.39019628616282975,0.7516011574198047,0.2483988425801954
1996-08-31,139,0.06578408563130825,0.04263878670793812,0.3902455306089439,0.7433595565198621,0.25664044348013787
1996-09-30,140,0.06652484070478723,0.041458812991083144,0.3901053448831527,0.7645394142710249,0.23546058572897513
1996-10-31,141,0.06616231107755687,0.04165057752171859,0.38694376074358444,0.7571768566540855,0.24282314334591454
1996-11-30,142,0.06429436021461293,0.04110077855659617,0.38505769855845373,0.7478282102595304,0.25217178974046967
1996-12-31,143,0.06456403002330197,0.043236469330819385,0.38441410603677645,0.7224681147494892,0.2775318852505108
1997-01-31,144,0.0669097446674145,0.04306286247481974,0.3836201601711341,0.7433803689623787,0.2566196310376213
1997-02-28,145,0.06611895262115083,0.04261165558641478,0.3840289660718448,0.7428878393611802,0.2571121606388198
1997-03-31,146,0.06600925650031092,0.04219623757273191,0.3834455910306391,0.7469026919404925,0.2530973080595075
1997-04-30,147,0.0676278079867384,0.041210583387123426,0.38185331635324565,0.771297305350159,0.22870269464984105
1997-05-31,148,0.06570774400999924,0.041700855324429596,0.3789234977118452,0.7481200749477441,0.2518799250522559
1997-06-30,149,0.06603449466535946,0.042217697288308216,0.376728082152824,0.7429893720219988,0.25701062797800117
1997-07-31,150,0.06892827830636591,0.04217330185473958,0.3747837323402953,0.76476370915221,0.23523629084779005
1997-08-31,151,0.06534029538475328,0.040256758187758604,0.3733291921370457,0.7602808224552504,0.2397191775447495
1997-09-30,152,0.06430757861866132,0.04082569073315414,0.37157838193401355,0.7437431162755808,0.2562568837244193
1997-10-31,153,0.06405634390090788,0.04269289508593301,0.37057065423559665,0.7178868512774316,0.2821131487225684
1997-11-30,154,0.0640770487973902,0.04278884989216165,0.3693031146295244,0.7162463028639717,0.2837536971360282
1997-12-31,155,0.06485324690258149,0.04385041327890972,0.36842844135000463,0.709316399864239,0.290683600135761
1998-01-31,156,0.06557471637637899,0.04340920809546349,0.36515011992098273,0.7186727295561773,0.28132727044382266
1998-02-28,157,0.06438781762883553,0.04224815555534555,0.3655016198132045,0.7234081217130452,0.27659187828695475
1998-03-31,158,0.0650497908833159,0.04267895535302861,0.36472597747071067,0.7230514061836107,0.2769485938163892
1998-04-30,159,0.06441477102023252,0.039838230478339884,0.3639264408556692,0.7527468741607217,0.24725312583927833
1998-05-31,160,0.06557595421156016,0.0395335928329474,0.3633075590016291,0.7652603570041892,0.23473964299581085
1998-06-30,161,0.06890622806639399,0.04010971179474744,0.36116449283706165,0.7814112900276223,0.21858870997237778
1998-07-31,162,0.07018916340984968,0.04117235479601086,0.360825216255366,0.7773749401497102,0.22262505985028985
1998-08-31,163,0.0706894427378724,0.04084811334986927,0.3608783350777685,0.784841200259349,0.21515879974065105
1998-09-30,164,0.06966699326847965,0.0405228882826789,0.3604865398659804,0.7813348741755884,0.21866512582441155
1998-10-31,165,0.06934495459560946,0.039227939107781835,0.3590642127554396,0.7940938744802073,0.2059061255197927
1998-11-30,166,0.06980255199231651,0.03926758895223506,0.3583655559877395,0.7963401659448412,0.20365983405515875
1998-12-31,167,0.0717938357455093,0.04147004485495762,0.3586324997650153,0.7835679281517557,0.2164320718482443
1999-01-31,168,0.07266933405071702,0.043327726571091435,0.3583114522710629,0.7677207277619477,0.23227927223805236
1999-02-28,169,0.0721475616357327,0.041915696988449075,0.3591413040677469,0.7810551148653185,0.21894488513468133
1999-03-31,170,0.07405989890822358,0.04232892619645629,0.35964770692069453,0.7894339897453099,0.21056601025469016
1999-04-30,171,0.07082634656945966,0.03984918538240406,0.3601726264276381,0.7975029084197082,0.20249709158029178
1999-05-31,172,0.06978570929111325,0.03823057229052973,0.36010042353758165,0.8104631108010955,0.18953688919890452
1999-06-30,173,0.07080304112672078,0.03932441051729222,0.3596865326114979,0.8034844235669099,0.19651557643309017
1999-07-31,174,0.07144351156828667,0.03966527897790663,0.3594266488941785,0.8034857021411833,0.1965142978588167
1999-08-31,175,0.07243934456340666,0.038248584559642494,0.3587639249548154,0.8272687648122263,0.17273123518777375
1999-09-30,176,0.07461189101900101,0.039262534459680504,0.3600246713733397,0.8298442162126047,0.17015578378739518
1999-10-31,177,0.0759204809112331,0.03837955596192842,0.3600512142356118,0.8490106227953583,0.15098937720464173
1999-11-30,178,0.07697760388188461,0.038451084079175864,0.36003246508093045,0.8546560374007754,0.14534396259922458
1999-12-31,179,0.07981799806838417,0.03864798972094703,0.3595913173503905,0.8688998259827481,0.13110017401725202
2000-01-31,180,0.07984168492718792,0.038203296140474505,0.35939383261847735,0.8742575525701856,0.12574244742981452
2000-02-29,181,0.08152031357061647,0.039500576829381066,0.35999224144547265,0.8689046925774027,0.1310953074225973
2000-03-31,182,0.07991123535428636,0.03973718048517108,0.36032935729558957,0.8570231447404688,0.14297685525953113
2000-04-30,183,0.07715327276564356,0.03799089268191024,0.36039779710638903,0.8617038364243594,0.13829616357564062
2000-05-31,184,0.07494154665359944,0.036353762250381554,0.36102584589626036,0.8692547318480188,0.1307452681519812
2000-06-30,185,0.07623754859473275,0.03665292896655832,0.360781766481717,0.8732316777203594,0.12676832227964063
2000-07-31,186,0.07444737524810757,0.035539979180580605,0.3610427004209424,0.8767552641485797,0.12324473585142029
2000-08-31,187,0.07610481043449224,0.03710357014111789,0.3612817717544669,0.8671204384565285,0.1328795615434715
2000-09-30,188,0.07451892944108254,0.037184432349671226,0.3619397647632181,0.8567058951338747,0.14329410486612523
2000-10-31,189,0.07249145643140616,0.03526584701981364,0.3626495142988484,0.8692928934006781,0.13070710659932191
2000-11-30,190,0.07067782361798511,0.03525429476198498,0.36238736284159956,0.8572546257261846,0.14274537427381537
2000-12-31,191,0.07072556233395035,0.03476206532172985,0.3628869397678026,0.8646478991883548,0.1353521008116452
2001-01-31,192,0.0669292663566583,0.032741970298267004,0.3628898935858744,0.8668691447603595,0.1331308552396406
2001-02-28,193,0.06918584518171103,0.034521301191408484,0.36337238750908735,0.8579116493413419,0.1420883506586581
2001-03-31,194,0.0705563282887906,0.034091609276889964,0.36312428018869736,0.8729004981476093,0.1270995018523907
2001-04-30,195,0.06822872606483515,0.03292759215710477,0.3635782342984045,0.8738528382464623,0.1261471617535377
2001-05-31,196,0.06858529260687342,0.03354136939859302,0.363916679038157,0.8678895226409177,0.13211047735908232
2001-06-30,197,0.06828997722950507,0.03354566372539537,0.3635196321552029,0.8654519816308028,0.13454801836919725
2001-07-31,198,0.06948887160277417,0.033703303763582715,0.3632316370013192,0.8712097100502436,0.12879028994975625
2001-08-31,199,0.07126264880457354,0.03384115190313224,0.3640089572347519,0.8818026709346599,0.11819732906534003
2001-09-30,200,0.07278678864733946,0.03577455723058389,0.3641989967838387,0.8657603054609956,0.13423969453900436
2001-10-31,201,0.07169589254111385,0.034014271803156484,0.36457335254020884,0.8827492011672646,0.11725079883273525
2001-11-30,202,0.06839339721533949,0.030744162186636316,0.36502471590017166,0.9081987135230509,0.09180128647694913
2001-12-31,203,0.0691281638320529,0.029920227160384144,0.3639179414883308,0.9243963731118235,0.07560362688817648
2002-01-31,204,0.07116349214052536,0.030567709614124517,0.36337803975400385,0.927298556513904,0.07270144348609607
2002-02-28,205,0.07241914061092002,0.029063912682194194,0.3612261823239267,0.9551988329537675,0.04480116704623259
2002-03-31,206,0.07153559217720344,0.028503511467515927,0.3597245313678901,0.956747972933524,0.043252027066475976
2002-04-30,207,0.07445975228597965,0.029538160826235373,0.35854587506088514,0.957413754225963,0.04258624577403699
2002-05-31,208,0.07489089213209957,0.030049876599385825,0.35924666105379893,0.9532195128549256,0.046780487145074455
2002-06-30,209,0.07645063701920882,0.0314065831999155,0.36001574642975626,0.9437444129970262,0.05625558700297385
2002-07-31,210,0.07610359316945749,0.031369313455135175,0.35981593947438906,0.9420656087260987,0.05793439127390119
2002-08-31,211,0.07678704411518605,0.0312290927651307,0.3591268523471664,0.9472326150851255,0.05276738491487452
2002-09-30,212,0.07890270014506244,0.03246351222831964,0.3591400701686697,0.9421832325739318,0.05781676742606821
2002-10-31,213,0.07731540913240578,0.030613191915278528,0.3584192999346933,0.9580928445410171,0.04190715545898281
2002-11-30,214,0.07448559270598122,0.028715105299724396,0.3575821653263715,0.9686206710814634,0.031379328918536564
2002-12-31,215,0.07630431182865867,0.029426150496203556,0.35631527746538444,0.9671193893934587,0.03288061060654136
2003-01-31,216,0.07554453092905007,0.030706352873949832,0.3546956804410686,0.9429580352325092,0.05704196476749084
2003-02-28,217,0.07431374738367715,0.03117587819607215,0.35348431262616187,0.9280486205814393,0.07195137941856054
2003-03-31,218,0.07492120711092448,0.03150903722311886,0.3527918006031642,0.9262882780407964,0.07371172195920356
2003-04-30,219,0.07255692240787394,0.029744176124789936,0.3522035473793804,0.9367835760764539,0.06321642392354618
2003-05-31,220,0.07080689558060252,0.028837673455359866,0.3517611834974716,0.9391493349158007,0.06085066508419935
2003-06-30,221,0.0699222335121589,0.026107654391033783,0.35083454456566293,0.9747106592798271,0.025289340720172717
2003-07-31,222,0.06858640068975629,0.025338521630302962,0.3505139608722326,0.9787218293857615,0.02127817061423851
2003-08-31,223,0.06827723677649154,0.025138213293446156,0.3498651889433124,0.9794116470014088,0.02058835299859133
2003-09-30,224,0.06806604341011853,0.024557430426668386,0.3479183066376297,0.9854960954919025,0.014503904508097546
2003-10-31,225,0.07015078519683338,0.025674700120617098,0.34785776246863626,0.9796420650090277,0.02035793499097237
2003-11-30,226,0.07140801939634171,0.025676904631306865,0.3471734924646409,0.986021795951175,0.013978204048824976
2003-12-31,227,0.06921400762340088,0.023890702669201767,0.3463472123860157,1.0013371409523761,-0.0013371409523761806
2004-01-31,228,0.06859176737813581,0.022400093047320675,0.34684593322278273,1.0233996744872869,-0.023399674487286897
2004-02-29,229,0.06837935790257547,0.02273327027665088,0.34710016289016965,1.0168307179573086,-0.016830717957308686
2004-03-31,230,0.06807007764195203,0.022709935860559603,0.34758270146374837,1.0160409005824766,-0.016040900582476692
2004-04-30,231,0.0659909673789854,0.022196281381981223,0.3468619744190232,1.0120398363262717,-0.012039836326271716
2004-05-31,232,0.06632668541192256,0.02143454928469162,0.34563446051621505,1.025949723514018,-0.02594972351401804
2004-06-30,233,0.06691221509702511,0.022798879404630473,0.3450357371905622,1.0049053441655413,-0.004905344165541262
2004-07-31,234,0.06640081055436374,0.02342846193559002,0.3448112718069267,0.9909487239545902,0.009051276045409732
2004-08-31,235,0.06543780234831449,0.02368877876828867,0.34484108826482696,0.9807656122141987,0.019234387785801492
2004-09-30,236,0.06607437423298504,0.025099857200032587,0.3447830954394375,0.9611889403351792,0.038811059664820714
2004-10-31,237,0.06412254169130022,0.02389409403473272,0.34447644462104676,0.9687091262672158,0.03129087373278405
2004-11-30,238,0.06538998747086246,0.023923459499872114,0.3440617416041858,0.9756714473663872,0.02432855263361278
2004-12-31,239,0.06445010125249721,0.022778836988766628,0.3437515893848774,0.9890990521335429,0.01090094786645728
2005-01-31,240,0.06596498051030811,0.022432719787116726,0.3427228588974594,1.003011730401478,-0.003011730401478053
2005-02-28,241,0.06732946602718314,0.022470771811205405,0.34120573837033197,1.0084927208600176,-0.008492720860017648
2005-03-31,242,0.06727031228926413,0.02154694647024564,0.3405520338916523,1.0232557079281526,-0.023255707928152524
2005-04-30,243,0.06653449430649985,0.020948980331799334,0.3401551776541695,1.0291564712428654,-0.029156471242865314
2005-05-31,244,0.06637744722120278,0.020494864015576066,0.34038409963911137,1.036629620036621,-0.03662962003662103
2005-06-30,245,0.06684371170151607,0.020854384852421002,0.34052234991423863,1.032979944479804,-0.032979944479804214
2005-07-31,246,0.06647803468436111,0.021114004452588906,0.33999861116099767,1.025746629961565,-0.025746629961564856
2005-08-31,247,0.0662549581534614,0.02134266267794415,0.3403408252044174,1.0208810823493417,-0.02088108234934152
2005-09-30,248,0.06723913119757255,0.02193136163831231,0.340194431045688,1.0160281011986692,-0.016028101198669095
2005-10-31,249,0.0660814623647981,0.020146845749954272,0.3394054043888802,1.0400540980983368,-0.040054098098336766
2005-11-30,250,0.06546589410455465,0.019837911315031067,0.3392591584836126,1.0420836901076156,-0.042083690107615604
2005-12-31,251,0.06588886923984018,0.019772713544513536,0.3374227132926616,1.0433368452854561,-0.04333684528545609
2006-01-31,252,0.06681345775769594,0.02074777162312711,0.3364277987678922,1.0297768963873484,-0.029776896387348456
2006-02-28,253,0.0656055962242502,0.02146877669709091,0.335748605506068,1.0096510677518526,-0.009651067751852656
2006-03-31,254,0.06620885022783708,0.022903884296379292,0.3361066629419609,0.9890021343088988,0.0109978656911012
2006-04-30,255,0.06742819927456264,0.023896500751565672,0.33656778230311774,0.9801553731342109,0.01984462686578908
2006-05-31,256,0.06514556054288764,0.02312198348151335,0.33724513901938147,0.9803082922497671,0.019691707750232823
2006-06-30,257,0.0645760111473356,0.022738047116312193,0.33728402376866334,0.9834511394897377,0.016548860510262237
2006-07-31,258,0.06357304743233008,0.022923544600111253,0.3380526667142636,0.9749807588727896,0.02501924112721028
2006-08-31,259,0.061806357309522664,0.02212827344691292,0.3382224330078932,0.9779646477813593,0.022035352218640735
2006-09-30,260,0.06141007673045837,0.022500746470700658,0.3375245153671695,0.968099004379667,0.03190099562033292
2006-10-31,261,0.061082131327393825,0.02170125699033346,0.33820278166698514,0.9809602130757337,0.019039786924266375
2006-11-30,262,0.06068230079031311,0.020733374108801595,0.33858593748446886,0.9965236352549647,0.0034763647450352527
2006-12-31,263,0.06045312156018,0.02149164303906014,0.3389494203719702,0.9815193042646181,0.01848069573538196
2007-01-31,264,0.06057181449308697,0.02119998577604061,0.33861169438957045,0.9872480787860628,0.01275192121393721
2007-02-28,265,0.05951782406080071,0.020293266359843267,0.33857568088833784,0.9973104517257451,0.002689548274254827
2007-03-31,266,0.06130290880589035,0.02144420631576484,0.3388661458341065,0.9877396517512098,0.01226034824879014
2007-04-30,267,0.060589463570297604,0.0212830459257377,0.3385703834710704,0.9857948886566124,0.014205111343387604
2007-05-31,268,0.060008516068238156,0.021182230056532945,0.33890470470866085,0.9842559018559163,0.015744098144083715
2007-06-30,269,0.05988102822305618,0.0221670289174787,0.3390376981572934,0.9656079695813738,0.034392030418626145
2007-07-31,270,0.06003661831992978,0.02234725352136724,0.338883817856477,0.9632460539798904,0.036753946020109576
2007-08-31,271,0.05920261656882631,0.022314930601158182,0.3391935807358035,0.9585317561293705,0.04146824387062942
2007-09-30,272,0.05983544677270956,0.02326478063244293,0.3388863275884573,0.9456236495337487,0.05437635046625143
2007-10-31,273,0.060162369809811246,0.023288913951226592,0.3384155461892863,0.9469474933360859,0.053052506663914076
2007-11-30,274,0.06036570501143298,0.02366133567052266,0.33769511165537536,0.9411313080308688,0.05886869196913124
2007-12-31,275,0.061748646110104576,0.02412674907430553,0.33623612162584354,0.9409725328592005,0.05902746714079951
2008-01-31,276,0.06031019574450941,0.022474345619583388,0.3359114960632993,0.9597015611908022,0.0402984388091978
2008-02-29,277,0.06289221665612582,0.02327793080193228,0.3357329874069408,0.9622127964321301,0.037787203567869805
2008-03-31,278,0.061943624774159135,0.02341833403787906,0.33563916875264194,0.9536664715167735,0.04633352848322652
2008-04-30,279,0.06217037621130034,0.02329315459562245,0.33569960513076585,0.957328935606656,0.04267106439334398
2008-05-31,280,0.06351999003422097,0.023638571079833567,0.3359655012739897,0.9602938313784718,0.03970616862152817
2008-06-30,281,0.06560704395862617,0.024861223990478905,0.33682957973095723,0.9539496548795169,0.04605034512048303
2008-07-31,282,0.06456582741660602,0.023885383968598604,0.3369256928651626,0.9636571560183234,0.036342843981676594
2008-08-31,283,0.06263002835816413,0.022981649495235876,0.3371563052617876,0.9671253943413477,0.03287460565865238
2008-09-30,284,0.061326933259748646,0.02293818698952146,0.3368738572389469,0.9592195506668073,0.04078044933319259
2008-10-31,285,0.06219982837398225,0.023503222028112523,0.3364686824619587,0.954719904095511,0.04528009590448899
2008-11-30,286,0.062386585075115034,0.023344223357455368,0.3366846561817553,0.9588577648539139,0.041142235146086066
2008-12-31,287,0.06120797542453834,0.023385572653097132,0.3374701899935793,0.9512950457934253,0.04870495420657473
2009-01-31,288,0.062008086943739285,0.024307564008882215,0.33707858973889093,0.9404764739429945,0.05952352605700547
2009-02-28,289,0.06263160994852658,0.024041293679606425,0.3374356495675155,0.9493759507219327,0.05062404927806726
2009-03-31,290,0.060900156824847625,0.02314788882792853,0.3374415380375657,0.9533525205061991,0.046647479493800784
2009-04-30,291,0.05781760491486673,0.021429497109822525,0.3380994130251473,0.964132202198025,0.03586779780197501
2009-05-31,292,0.05757084797956572,0.020260141974165934,0.33875146518697663,0.9852730278934678,0.014726972106532185
2009-06-30,293,0.05843902506303664,0.021001545426810344,0.33939932142071644,0.9777550788948458,0.02224492110515416
2009-07-31,294,0.056650637430932724,0.019308827871029135,0.3401297484231474,0.9991967659719839,0.0008032340280161138
2009-08-31,295,0.05515137452269945,0.01805858517516283,0.33980166123904554,1.0141092459437007,-0.014109245943700627
2009-09-30,296,0.05444967724252761,0.017075310301805518,0.3405456409777988,1.0311080941393946,-0.03110809413939475
2009-10-31,297,0.05541081176488202,0.017715445491231704,0.3402513054988976,1.0235911838533867,-0.023591183853386648
2009-11-30,298,0.05510245158287175,0.01701463110336395,0.3397398101962093,1.0358254358243542,-0.03582543582435407
2009-12-31,299,0.05570240925623461,0.016233206147884746,0.3374220772714119,1.0537527882516469,-0.0537527882516468
2010-01-31,300,0.054371127102368536,0.01594911319670178,0.33595259178571846,1.04961900796006,-0.04961900796005992
2010-02-28,301,0.05597087315585592,0.016544371796632356,0.3352644396235393,1.0460687165518838,-0.04606871655188383
2010-03-31,302,0.05727179553506726,0.016782327698662208,0.3346922245043965,1.0484301977206691,-0.0484301977206691
2010-04-30,303,0.05800114705515763,0.016699463170211735,0.3342512721602607,1.054039710247072,-0.05403971024707204
2010-05-31,304,0.057238358995755745,0.016706667014113923,0.3341081677298676,1.0490894848602499,-0.04908948486024996
2010-06-30,305,0.05575989369968402,0.015840182953629996,0.3349942317283155,1.0596259951294003,-0.05962599512940008
2010-07-31,306,0.05641936329817744,0.016061051830056083,0.33466054954911717,1.0584828849338024,-0.05848288493380246
2010-08-31,307,0.05668496531894388,0.015904424795831328,0.33451087335831314,1.0632886329126088,-0.06328863291260875
2010-09-30,308,0.05718506051503264,0.016929907203882155,0.3347949755767829,1.044934881155352,-0.044934881155352144
2010-10-31,309,0.05757690597007283,0.017166260246021022,0.3344505821089165,1.042021471377932,-0.04202147137793214
2010-11-30,310,0.058131811737567526,0.01736342153382211,0.33464372096877354,1.041608066475012,-0.04160806647501201
2010-12-31,311,0.056830974492660336,0.0167610262921944,0.3354466113126327,1.0470850263818978,-0.04708502638189782
2011-01-31,312,0.05580794690917244,0.016188040681900044,0.3353249084399222,1.0527804821175692,-0.05278048211756924
2011-02-28,313,0.05604889433053585,0.016102702966623,0.3343767967941277,1.0549443846890139,-0.05494438468901388
2011-03-31,314,0.056743775845178306,0.016443076415577927,0.33453881920117534,1.0521511791231835,-0.052151179123183504
2011-04-30,315,0.05657513729904302,0.015757791098255695,0.3341345986956575,1.065316835508401,-0.06531683550840121
2011-05-31,316,0.055690678478743365,0.015066016017792396,0.334297289168793,1.0753929178515198,-0.07539291785151983
2011-06-30,317,0.05595858117149904,0.015336764535042869,0.33350191044681765,1.0699843085850897,-0.06998430858508962
2011-07-31,318,0.05547937628910887,0.01613746802489588,0.3324543956738125,1.0482538101255565,-0.04825381012555644
2011-08-31,319,0.05495231535646436,0.01646520358591332,0.3319879004042169,1.0372748575710147,-0.03727485757101481
2011-09-30,320,0.05358043247365322,0.017118259345967425,0.33126263812894974,1.0133449941894008,-0.013344994189400742
2011-10-31,321,0.053034915200386695,0.016354864491926857,0.33067067476442763,1.025454548783114,-0.02545454878311407
2011-11-30,322,0.05390678040226153,0.016425757841030977,0.33006179756447773,1.0290079762037894,-0.029007976203789334
2011-12-31,323,0.054701084809231845,0.017371441207071167,0.3293992872707563,1.0133877896762744,-0.013387789676274381
2012-01-31,324,0.05285708423253416,0.016665163763244145,0.3292479376678014,1.015824309176286,-0.015824309176285918
2012-02-29,325,0.05277969472786295,0.016891597952627405,0.3290760434083436,1.0102031006964782,-0.010203100696478229
2012-03-31,326,0.053422267071719105,0.017759280912365352,0.32876503009148605,0.9958997584807907,0.004100241519209375
2012-04-30,327,0.054210233535650854,0.017155161199473138,0.3286766325391885,1.013827720321662,-0.013827720321661987
2012-05-31,328,0.05544024215665341,0.017454733938995614,0.3292238198978716,1.0163103500441855,-0.016310350044185427
2012-06-30,329,0.05513107214782783,0.01699699891083596,0.32953257786091655,1.0242038252053756,-0.02420382520537557
2012-07-31,330,0.056438652696050244,0.016601739110567167,0.3284814953439768,1.039498346968539,-0.039498346968539016
2012-08-31,331,0.05522705366168404,0.01659576705179128,0.3284129359600096,1.0319581823126383,-0.03195818231263826
2012-09-30,332,0.05467436583100894,0.016265589272075182,0.32852216972891457,1.0356075576434352,-0.03560755764343518
2012-10-31,333,0.05451339613153094,0.016094523805904773,0.328802785444421,1.038606492542657,-0.03860649254265696
2012-11-30,334,0.05419253847477638,0.015433186587570659,0.3290048783977226,1.0512949221902221,-0.051294922190222074
2012-12-31,335,0.05352757140896683,0.015501555752806291,0.32814889440102535,1.0444928408852747,-0.044492840885274845
2013-01-31,336,0.05403395801009416,0.015695780584987672,0.3276189773707954,1.0428019941485922,-0.042801994148592155
2013-02-28,337,0.05463811512136191,0.016031611310479848,0.3263133776981167,1.0377560371629957,-0.03775603716299561
2013-03-31,338,0.05534521368864594,0.01628927151380181,0.3260668879081146,1.03639363417487,-0.03639363417487004
2013-04-30,339,0.05501729934009247,0.01664406942411437,0.32598950468710514,1.0267283432938714,-0.026728343293871564
2013-05-31,340,0.05445676409845504,0.016420732483172044,0.32601468166660236,1.027903730124164,-0.027903730124164035
2013-06-30,341,0.0547085427417807,0.017101323770907666,0.3268158522888239,1.0161000187371776,-0.01610001873717748
2013-07-31,342,0.05564475975140917,0.016848316058556457,0.32732311803842656,1.0280019799721027,-0.028001979972102787
2013-08-31,343,0.054961318731130776,0.015832720218495206,0.32786536219757006,1.0459657162214766,-0.045965716221476514
2013-09-30,344,0.05594149762186253,0.01633745014677508,0.3284490336322725,1.041955557461367,-0.04195555746136703
2013-10-31,345,0.05588316908972401,0.015500955640472198,0.32795630557911293,1.0589137068018226,-0.05891370680182268
2013-11-30,346,0.05720349854703379,0.016170678488152533,0.3273238894359421,1.0517330925161155,-0.05173309251611537
2013-12-31,347,0.05697424656627718,0.015616758767980462,0.32693115287647573,1.0616040668064053,-0.06160406680640524
2014-01-31,348,0.057362969427734535,0.01627666749475715,0.3270274173946632,1.0500953119774812,-0.0500953119774811
2014-02-28,349,0.05780620342812364,0.015458718034576996,0.32659944922466627,1.0693350068673542,-0.06933500686735411
2014-03-31,350,0.056855037015996646,0.015253812455852191,0.3272044618073358,1.069039328252213,-0.06903932825221316
2014-04-30,351,0.05577672450865413,0.015407795077858234,0.32733904112443074,1.0595222026667002,-0.059522202666700226
2014-05-31,352,0.05618457989359902,0.016137390766062517,0.32671206172042017,1.0455664244429785,-0.04556642444297847
2014-06-30,353,0.05589981055427552,0.016216769281578978,0.3267169533083634,1.0421512093103589,-0.042151209310358914
2014-07-31,354,0.0562328303291989,0.016754259256629496,0.3266843074861907,1.0328859120591207,-0.032885912059120705
2014-08-31,355,0.05572158771574678,0.016941628103754155,0.32618556438145524,1.0252024311915906,-0.025202431191590668
2014-09-30,356,0.05590991049643997,0.017891532393297913,0.32658008975642056,1.007395088933998,-0.007395088933998051
2014-10-31,357,0.05609203293865184,0.01834865321466726,0.32657848486352975,0.9993975242578753,0.0006024757421247665
2014-11-30,358,0.056245464154363045,0.018796799645764087,0.3267486289357071,0.9917131387221413,0.008286861277858756
2014-12-31,359,0.056212437478406777,0.01925256643159821,0.32707017361006696,0.9829241933478046,0.01707580665219547
2015-01-31,360,0.056940645560241136,0.019324656683304728,0.32691380863489605,0.9861692928094192,0.013830707190580865
2015-02-28,361,0.056313979743493336,0.019254702360761114,0.3273856101700734,0.9839004809307561,0.0160995190692439
2015-03-31,362,0.05672161391829145,0.019784323321030875,0.3276087878507533,0.976637261144306,0.023362738855693906
2015-04-30,363,0.05540158473506795,0.01927569608446532,0.3272080429689665,0.977153662112931,0.022846337887069065
2015-05-31,364,0.056648345892613416,0.020195479129541907,0.32741259811718376,0.9681121622351154,0.03188783776488462
2015-06-30,365,0.057502727383813124,0.020389215052699302,0.3268185284049781,0.9695576284093596,0.030442371590640414
2015-07-31,366,0.05882273642526281,0.02084761860230816,0.326261927061566,0.969148783306036,0.03085121669396388
2015-08-31,367,0.058075513265343,0.020630699945825726,0.3265672908218868,0.9685843011744127,0.031415698825587236
2015-09-30,368,0.05916939501098059,0.020578085390652864,0.3270153576908326,0.9771043168528195,0.022895683147180445
2015-10-31,369,0.05846620932680726,0.020249887302269898,0.3274244968255392,0.9790977428404579,0.02090225715954209
2015-11-30,370,0.05815540320860633,0.02003491330821977,0.32788952042064157,0.9816114272813479,0.01838857271865217
2015-12-31,371,0.05926872425303162,0.020165764192775874,0.3277637111759068,0.9861489785012111,0.013851021498788932
2016-01-31,372,0.05981958900801462,0.019743557421495223,0.3282805974124677,0.9980176111720008,0.001982388827999082
2016-02-29,373,0.0587556200929086,0.018915242900297644,0.3284791293787507,1.0073767196548384,-0.007376719654838484
2016-03-31,374,0.057307730461535006,0.018276009355733216,0.3280708073187766,1.0103369928557828,-0.01033699285578271
2016-04-30,375,0.05609025683676878,0.01843136071626733,0.3277396332073045,0.9990346803923974,0.0009653196076025516
2016-05-31,376,0.05651836101672451,0.018065006614159516,0.3280074174744758,1.0094461299062756,-0.009446129906275606
2016-06-30,377,0.05772965543500029,0.018594906154245597,0.32789511214735634,1.0065180897098922,-0.006518089709892156
2016-07-31,378,0.05643107342550886,0.01861861422782008,0.327059186059537,0.9967861299783964,0.0032138700216035932
2016-08-31,379,0.05577263478475751,0.017178221853920213,0.3275051792527721,1.0221692915585372,-0.022169291558537207
2016-09-30,380,0.05567984029143223,0.01754991448993017,0.32732935594113094,1.0137177942319395,-0.013717794231939544
2016-10-31,381,0.055366840578453126,0.0177885249017917,0.3266786354050964,1.0060628661420803,-0.006062866142080262
2016-11-30,382,0.05468991306397926,0.01734384570355896,0.3259729579576947,1.0099600437239682,-0.009960043723968146
2016-12-31,383,0.05401823873438354,0.017740789103421816,0.32535738493485666,0.9965802436975241,0.0034197563024759986
2017-01-31,384,0.0541822427092681,0.01703168850888855,0.32441633206019027,1.0113470160043332,-0.011347016004333351
2017-02-28,385,0.053411755936642824,0.016983057132182476,0.323468130112775,1.006172132160412,-0.006172132160412157
2017-03-31,386,0.05260307861288131,0.01693832924188826,0.32293772128705506,1.0010447124299184,-0.0010447124299184484
2017-04-30,387,0.052800837963720426,0.017063918627605125,0.3235991082201783,1.0004737001492296,-0.0004737001492296938
2017-05-31,388,0.0526684352149185,0.016636083347088704,0.3228751159341388,1.0078683353594562,-0.007868335359456254
2017-06-30,389,0.05255179683260467,0.016758518782993975,0.32286678015133097,1.004447056187505,-0.004447056187504916
2017-07-31,390,0.052514382358821186,0.016270077999278515,0.32276838412221165,1.0145955428775417,-0.014595542877541636
2017-08-31,391,0.0529961192114817,0.016780370651508072,0.32305263408586865,1.007201549206335,-0.0072015492063352525
2017-09-30,392,0.05350975978268753,0.01679955143644711,0.3225113074432364,1.009614003177643,-0.009614003177642903
2017-10-31,393,0.054619348906615274,0.01683861028915177,0.3216563551917145,1.0150609537788837,-0.015060953778883637
2017-11-30,394,0.054165914578394904,0.016130401317252668,0.3204450535924868,1.0256812374016608,-0.025681237401660867
2017-12-31,395,0.05276228475885743,0.015792361893202336,0.32080726160739154,1.0243582025046525,-0.024358202504652475
2018-01-31,396,0.053439724943236,0.016101496401682267,0.3201280444844994,1.0212791209191596,-0.021279120919159632
2018-02-28,397,0.05388214788457057,0.015512110580307915,0.31958601305703677,1.0361707986634126,-0.036170798663412516
2018-03-31,398,0.05382214248787567,0.014809781656462713,0.3193425634532403,1.0509028785697492,-0.05090287856974922
2018-04-30,399,0.05394682741540337,0.014865557758827854,0.3188528425174271,1.0498287542630609,-0.04982875426306097
2018-05-31,400,0.05482828687747711,0.015616090441674078,0.3193230764178436,1.0394546870081063,-0.039454687008106296
2018-06-30,401,0.05416098309555178,0.014246274024639299,0.31919372420505665,1.0653088980765688,-0.06530889807656869
2018-07-31,402,0.05373205447290117,0.014596436759618752,0.31943904382616345,1.055216887991341,-0.05521688799134118
2018-08-31,403,0.05427340096621799,0.014843183508903008,0.319302253535642,1.0528494723946427,-0.05284947239464261
2018-09-30,404,0.054392780208618374,0.015261359087968763,0.31920327174875357,1.0443057902369166,-0.04430579023691653
2018-10-31,405,0.053750036634407125,0.014783450287230016,0.3198744504434771,1.0517001079449597,-0.05170010794495982
2018-11-30,406,0.05302133164441013,0.014559582015313922,0.3202857657095359,1.0527344813675146,-0.052734481367514456
2018-12-31,407,0.05340928504908464,0.015248863465607797,0.3203521490196245,1.039879589772965,-0.03987958977296499
2019-01-31,408,0.052874468374044366,0.015148154801835022,0.3200987213260306,1.0384204556377845,-0.03842045563778447
2019-02-28,409,0.052713504282892884,0.01526930155147276,0.32003015780733013,1.0346255487788303,-0.03462554877883028
2019-03-31,410,0.053244608134413784,0.015066143419067817,0.32023933963466256,1.0427452648006423,-0.04274526480064224
2019-04-30,411,0.05301053564826321,0.014270374052362936,0.3197658307699556,1.0585705240103318,-0.058570524010331804
2019-05-31,412,0.05349733393205731,0.015130120643937461,0.3190164743628525,1.0414345730704238,-0.04143457307042388
2019-06-30,413,0.05218590044259123,0.014390889415466708,0.3187990754576463,1.0495219381503056,-0.04952193815030554
2019-07-31,414,0.052645226622139336,0.014646050919490717,0.3187637369815917,1.046581143825524,-0.04658114382552384
2019-08-31,415,0.05406832413598933,0.015695657350242906,0.3190634580389751,1.0327454839956123,-0.03274548399561224
2019-09-30,416,0.053156346382316,0.015228041240256309,0.3188645854009772,1.0369615935826324,-0.036961593582632395
2019-10-31,417,0.05266133042906716,0.015397556294083995,0.3193987682673901,1.030707647569223,-0.030707647569222844
2019-11-30,418,0.05230720760892619,0.01549309398691191,0.31945126895556836,1.0263648180661515,-0.026364818066151634
2019-12-31,419,0.05191532737718476,0.015362356711441724,0.31888661291960774,1.0260290063913673,-0.026029006391367335
2020-01-31,420,0.05263622868712246,0.015722605068477974,0.31813363515936666,1.0219419615657144,-0.021941961565714322
2020-02-29,421,0.052582220357499605,0.01614359082224405,0.3180250852536075,1.0123508255173777,-0.012350825517377657
2020-03-31,422,0.05317311266828801,0.01675580724387947,0.31805059814684866,1.003269860222687,-0.0032698602226870622
2020-04-30,423,0.053699231360587886,0.016965847773813908,0.317852640155384,1.0021283440066828,-0.002128344006682894
2020-05-31,424,0.052911225350755105,0.016406848238046525,0.31829379560370824,1.0091941709148144,-0.009194170914814444
2020-06-30,425,0.05301361910623232,0.01661345818050122,0.31845949298048676,1.005673577216542,-0.005673577216541807
2020-07-31,426,0.0538130977240187,0.016776424451303742,0.3181875480999124,1.0071938851554034,-0.0071938851554035985
2020-08-31,427,0.053829976671183215,0.016673573398801714,0.31839024354239326,1.0096838454777062,-0.009683845477706347
2020-09-30,428,0.053326053544427536,0.01639494517413988,0.31882170677393007,1.0127716821565325,-0.012771682156532507
2020-10-31,429,0.05306890026394272,0.016553602159596545,0.31870985152487835,1.0075891935016292,-0.00758919350162912
2020-11-30,430,0.051953077951985754,0.01650621978977354,0.3187003605185432,1.0010987019917534,-0.0010987019917534843
2020-12-31,431,0.05165555931153481,0.016284814103269322,0.31871864121246696,1.0038623687959036,-0.0038623687959036482
2021-01-31,432,0.052059667417410097,0.016816843269424547,0.318468428805094,0.9949408796230659,0.005059120376934073
2021-02-28,433,0.05144736643045741,0.016641380042819107,0.3183260267018259,0.9943046829814586,0.005695317018541507
2021-03-31,434,0.050353088195006813,0.016759377870871724,0.31759175264616674,0.9832383366534196,0.016761663346580375
2021-04-30,435,0.05054275268848299,0.0174233041307459,0.31737010934778104,0.9702009816087144,0.029799018391285605
2021-05-31,436,0.050339998419386606,0.017479194409221768,0.317504677689948,0.967679204814585,0.0323207951854149
2021-06-30,437,0.04992449605847771,0.016980746415156605,0.3171112782254031,0.9748488740762343,0.02515112592376571
2021-07-31,438,0.049933993538095835,0.016787203552966756,0.3165557689333461,0.9785020797728876,0.021497920227112437
2021-08-31,439,0.0499673864561154,0.016842607252159355,0.31672893327906787,0.9777326389030325,0.022267361096967378
2021-09-30,440,0.049536661721677144,0.01667875116706015,0.31627330014470906,0.9776550660375091,0.02234493396249094
2021-10-31,441,0.049913956991422405,0.016938810102318038,0.3160024393298736,0.9745035836229274,0.025496416377072534
2021-11-30,442,0.04939504904980118,0.016160024876541664,0.3161383699860489,0.9878575216912927,0.012142478308707298
2021-12-31,443,0.04901335847056682,0.01588079113755622,0.31611069563877164,0.9912766859594926,0.008723314040507357
2022-01-31,444,0.048350936400100845,0.015551389575384865,0.316067819273884,0.9938401686892104,0.006159831310789566
2022-02-28,445,0.04823735229697226,0.014957218481389055,0.31574634075708097,1.0063261316450807,-0.006326131645080771
2022-03-31,446,0.0487230391647672,0.015361893666576676,0.31610310493860494,1.0009037774816485,-0.0009037774816484758
2022-04-30,447,0.04891195867417548,0.01564819897914607,0.3166870242286449,0.9964089974118553,0.00359100258814473
2022-05-31,448,0.0487712332896307,0.015503276923775757,0.3167645213595501,0.9987639526981307,0.0012360473018692923
2022-06-30,449,0.04906054784664212,0.014777727821227797,0.31682814200786114,1.0175645551977883,-0.017564555197788233
2022-07-31,450,0.04828054935029357,0.014735980350556442,0.31720044527180985,1.0134478942747176,-0.013447894274717471
2022-08-31,451,0.049413824751073504,0.014838545599893165,0.31703520721280914,1.018854531596633,-0.018854531596633018
2022-09-30,452,0.0498425014047839,0.014891950274376183,0.31700628527910846,1.0205467023333097,-0.02054670233330966
2022-10-31,453,0.05067336672132062,0.014914918248798634,0.3170811933659583,1.0257337671240132,-0.025733767124013315
2022-11-30,454,0.05003108064162864,0.014076646697819141,0.3165912452570201,1.0402347345657923,-0.04023473456579217
2022-12-31,455,0.050249895490184826,0.013988917207596055,0.31659469430268056,1.0437330979655186,-0.04373309796551861
2023-01-31,456,0.04894907990030869,0.013393848885592924,0.3156985442055064,1.0482709535627877,-0.04827095356278778
2023-02-28,457,0.049098746987562954,0.01269749211248864,0.31505100607052267,1.065468843251354,-0.0654688432513539
2023-03-31,458,0.04870636490921029,0.012863265375613112,0.3145241148994714,1.0581942949872005,-0.058194294987200544
2023-04-30,459,0.04883535085958219,0.012596072455577624,0.3144726974083118,1.065569240853546,-0.06556924085354597
2023-05-31,460,0.04937559344200812,0.011930659953081653,0.31398478519872003,1.0849447946557467,-0.08494479465574678
2023-06-30,461,0.049003301188508895,0.011938077512516337,0.3137955805494904,1.082235444481321,-0.08223544448132096
2023-07-31,462,0.04874184913913114,0.011564502202542612,0.31406522264977543,1.0904993776716971,-0.09049937767169706
2023-08-31,463,0.04879559099234071,0.011560437816409213,0.3143041558191277,1.091244148709131,-0.09124414870913099
2023-09-30,464,0.04807915720890243,0.011298143215031716,0.31420209724622683,1.0935253282252726,-0.09352532822527257
2023-10-31,465,0.04817502015020251,0.011178849702946582,0.3138473654166577,1.0967630366676426,-0.09676303666764258
2023-11-30,466,0.049041684948864156,0.010566022332547838,0.31280647630785496,1.1165600015719896,-0.11656000157198966
2023-12-31,467,0.048662449596747114,0.010150259037779233,0.3131025075856941,1.125898260420856,-0.12589826042085606
2024-01-31,468,0.04937558050488857,0.010395030274481383,0.3132227321347048,1.1235233988324969,-0.12352339883249693
2024-02-29,469,0.05004550768626712,0.010602588306194009,0.31326303212079926,1.1218464763870282,-0.12184647638702815
2024-03-31,470,0.04931265497782584,0.010450778339863756,0.3137268591819809,1.122395309892819,-0.12239530989281885
2024-04-30,471,0.048490493492103846,0.009814981573718838,0.31380305331435343,1.1350065755270493,-0.13500657552704934
2024-05-31,472,0.048831377520938454,0.010005463560185406,0.3128972708566749,1.1304511140690954,-0.13045111406909543
2024-06-30,473,0.04851176163024829,0.01048402206505528,0.3120359684145861,1.11465235344051,-0.11465235344051006
2024-07-31,474,0.04815925906674878,0.0101833336052689,0.312347736019743,1.121115968891504,-0.12111596889150401
2024-08-31,475,0.04810148017548044,0.010419616091672402,0.31212549677101853,1.1141240317920647,-0.11412403179206469
2024-09-30,476,0.04813591286655963,0.010176039514693773,0.3121081118096323,1.1208498904534743,-0.1208498904534742
2024-10-31,477,0.04811629145470755,0.010022826313088179,0.3127122006490255,1.1257241744984556,-0.12572417449845574
2024-11-30,478,0.048185239583043424,0.010181458654976529,0.3127704056958065,1.1218972098495514,-0.12189720984955135
2024-12-31,479,0.04799708477095478,0.01094444218739092,0.3123683042894093,1.09988451980035,-0.0998845198003499
2025-01-31,480,0.048485313633464276,0.011244708899017429,0.31249710065466935,1.0951382575804078,-0.09513825758040792
2025-02-28,481,0.047939637200320524,0.01082592422802674,0.3127386724281292,1.1031674436641912,-0.10316744366419131
2025-03-31,482,0.04757512529318124,0.01008587588225175,0.31201821499047117,1.1199511861416929,-0.11995118614169302
2025-04-30,483,0.04826295302211326,0.009737659230738977,0.31139592542268474,1.1324812094122763,-0.13248120941227637
2025-05-31,484,0.04843848634826945,0.00938261631543662,0.31107131488821776,1.1427202735257829,-0.14272027352578284
2025-06-30,485,0.04814231610500982,0.01014122527840371,0.3107185278257416,1.119916176213239,-0.11991617621323905
2025-07-31,486,0.047379362653714556,0.010516970953115648,0.31039639930118385,1.1049306960291359,-0.10493069602913575
2025-08-31,487,0.04664781276972069,0.01004656690856933,0.31047247323402605,1.1134824729064032,-0.11348247290640322
2025-09-30,488,0.04720192994256228,0.010225791825402912,0.3104295411132206,1.1117936906731465,-0.11179369067314644
2025-10-31,489,0.04719304713325937,0.009924260847946375,0.31054282926304,1.1201424335183685,-0.12014243351836862
2025-11-30,490,0.046484073401084035,0.009819051903135957,0.3107405253833503,1.1191892791123237,-0.11918927911232388
2025-12-31,491,0.04664814008728658,0.009836106850673364,0.31097221297925126,1.1199964702097691,-0.11999647020976913
2026-01-31,492,0.04704652407333779,0.009677103660238974,0.3109637013018763,1.1267162186674906,-0.12671621866749075
2026-02-28,492,0.04704652407333779,0.009677103660238974,0.3109637013018763,1.1267162186674906,-0.12671621866749075
2026-03-31,492,0.04704652407333779,0.009677103660238974,0.3109637013018763,1.1267162186674906,-0.12671621866749075
2026-04-30,492,0.04704652407333779,0.009677103660238974,0.3109637013018763,1.1267162186674906,-0.12671621866749075
2026-05-31,492,0.04704652407333779,0.009677103660238974,0.3109637013018763,1.1267162186674906,-0.12671621866749075
2026-06-30,492,0.04704652407333779,0.009677103660238974,0.3109637013018763,1.1267162186674906,-0.12671621866749075
2026-07-31,492,0.04704652407333779,0.009677103660238974,0.3109637013018763,1.1267162186674906,-0.12671621866749075
2026-08-31,492,0.04704652407333779,0.009677103660238974,0.3109637013018763,1.1267162186674906,-0.12671621866749075
