strategy,method,window,spec,return_series,first_return_month,last_return_month,n,alpha_monthly,alpha_ann,alpha_t,r2,beta_Mkt-RF,t_Mkt-RF,beta_SMB,t_SMB,beta_HML,t_HML,beta_RMW,t_RMW,beta_CMA,t_CMA,beta_UMD,t_UMD,beta_ST_Rev,t_ST_Rev
mom,mv,full,ff5_umd,net_return_20bps,1974-07-31,2026-08-31,626,0.00033095826968285966,0.003971499236194316,0.6954828599250699,0.5409869757436965,0.028868365446765194,1.9124308816751128,-0.04786263104722187,-2.0643798205854984,-0.030595995130949807,-1.27624700215451,-0.034088138611405874,-1.3073704781262812,-0.04710657821555789,-1.343034477505414,0.29751780714437426,18.90568716005414,,
mom,mv,full,ff5,net_return_20bps,1974-07-31,2026-08-31,626,0.0022847170310861154,0.027416604373033386,3.2732319682131394,0.08274273221849027,-0.01765812983334054,-0.7778925000144902,-0.031037847810328326,-0.8284703649091527,-0.19316590377420625,-4.724513070368741,0.0006333168876997766,0.011077753180781514,0.07829503759731302,1.1597929358384111,,,,
mom,mv,full,ff5_umd_strev,net_return_20bps,1974-07-31,2026-08-31,626,0.00028804925320285643,0.003456591038434277,0.6083107409856506,0.5415217586932516,0.026754973080378653,1.7225348637728364,-0.04950216160839654,-2.1831490870786467,-0.03194970509376221,-1.299820075059222,-0.035160507621025655,-1.3426542846461074,-0.04434534718666662,-1.2390960288513457,0.3002259556603166,18.932315436111725,0.013716739749849237,0.7304878023137383
mom,mv,common,ff5_umd,net_return_20bps,1995-02-28,2026-01-31,372,0.0009896978438637062,0.011876374126364475,1.5488925831366838,0.5592164825897887,0.04832812682122298,2.459960594063422,-0.06387941252637232,-1.98172751841781,-0.044585975477423025,-1.3996141968603302,-0.023630318808374906,-0.6113352092961457,-0.03219207870119329,-0.7568260621987997,0.28996321909165845,16.936989297337224,,
mom,mv,common,ff5,net_return_20bps,1995-02-28,2026-01-31,372,0.002713467391232176,0.03256160869478611,2.835118617115412,0.10786994192937682,-0.04102278825301104,-1.3797514326420348,-0.04531111909352219,-0.87397204489038,-0.19573126242698324,-4.198851768315759,0.007258646240818352,0.09695465251231696,0.06264334413698705,0.7617181485785288,,,,
mom,mv,common,ff5_umd_strev,net_return_20bps,1995-02-28,2026-01-31,372,0.0009700744873621944,0.011640893848346332,1.5323006231432468,0.5613363077958582,0.043266654558069016,2.1614427994093317,-0.06574860047694721,-2.1027736932773955,-0.04776266551448624,-1.4440168865023797,-0.025447609632949463,-0.6572680677184524,-0.02515648022518835,-0.5789316226795894,0.2934713159510954,17.07590239777364,0.026131033785334677,1.2096776066210038
mom,mv,post_2010,ff5_umd,net_return_20bps,2010-02-28,2026-08-31,199,0.000576973656070832,0.006923683872849985,0.6421776923644505,0.4666403546757011,0.06339515269744853,2.624573513863266,-0.04605320154309148,-1.1337734296583644,-0.07537969629151398,-1.9924422055331807,-0.027829249378677076,-0.6027059802160954,0.022103106271934014,0.32270275607283316,0.27466702199653203,11.074514971621099,,
mom,mv,post_2010,ff5,net_return_20bps,2010-02-28,2026-08-31,199,0.0018302869697719242,0.02196344363726309,1.6838886475754815,0.15875473758621572,0.022062140795535673,0.7693415234542373,-0.12234470361050385,-2.4559089525192044,-0.17153484230915433,-3.9381769164564435,-0.12238269406985154,-2.011732454204337,0.1280959152831743,1.7852805528960098,,,,
mom,mv,post_2010,ff5_umd_strev,net_return_20bps,2010-02-28,2026-08-31,199,0.0006260485561808932,0.007512582674170718,0.6880348573217379,0.4690032383118642,0.05783399967675202,2.277175539710566,-0.0494846198979723,-1.2236043236715664,-0.0790484429914826,-1.965740984732831,-0.031782371550442876,-0.6823169791250121,0.030389087629057704,0.4207261189985911,0.28100709096244164,10.14262230323992,0.02917717170497107,0.7878882256018195
mom,mv,recent_18m,ff5_umd,net_return_20bps,2025-04-30,2026-08-31,17,-0.00039817806595369293,-0.004778136791444315,-0.11809477672709262,0.5824061564860027,0.07948213332972068,0.778404217468123,-0.3196076701179998,-2.3521805168514622,-0.02499687383351573,-0.09924886575692796,-0.0767182344304897,-1.2227587110693998,0.13423109939088643,1.1959284772349474,0.2298410024720598,3.533915992272856,,
mom,mv,recent_18m,ff5,net_return_20bps,2025-04-30,2026-08-31,17,-0.003310221486706994,-0.03972265784048393,-0.6355311449487867,0.3707245647610423,0.17200860916259159,1.2054527783951245,-0.36437508720552614,-1.8667000699648726,0.12819564614796308,0.43732435996317104,-0.23149639343251183,-3.2990119563786604,0.10008472604195215,0.7246625236224553,,,,
mom,mv,recent_18m,ff5_umd_strev,net_return_20bps,2025-04-30,2026-08-31,17,0.000684524577581851,0.008214294930982212,0.21597386476366873,0.6302197421954863,0.11559878398535836,1.6903385560372464,-0.40842793240405295,-3.098701147352653,-0.0588012438730217,-0.29522785554783637,-0.17328510068064434,-1.38774108123128,0.25583424598430293,1.2573937333599623,0.2395796063727015,4.365001086151747,0.15285373603161842,0.9730671681416416
mom,diag,full,ff5_umd,net_return_20bps,1974-07-31,2026-08-31,626,0.0003841348424150872,0.004609618108981046,0.8799002578279288,0.6824738926981029,0.027089280620831817,2.1935254378743885,-0.024299397060971818,-1.1140308858032435,-0.019945099813356484,-0.8832816785097223,-0.06594149327673726,-2.95968734927374,-0.026738415108615264,-0.8656870226035052,0.3530972878493115,22.091717187696116,,
mom,diag,full,ff5,net_return_20bps,1974-07-31,2026-08-31,626,0.002702876454504722,0.03243451745405666,3.583413791789553,0.0835177644369961,-0.028128857258784442,-1.2053338579697361,-0.004331565936440782,-0.10431705282394296,-0.2128847909827951,-4.756735298349591,-0.02473370176809174,-0.37761447782168667,0.12208955206566255,1.6595280429021015,,,,
mom,diag,full,ff5_umd_strev,net_return_20bps,1974-07-31,2026-08-31,626,0.00035767059380116653,0.004292047125613999,0.8193301485120928,0.6826626634595045,0.02578584032807068,1.9788038688374598,-0.025310581840777925,-1.1938628312137805,-0.020780003988419275,-0.8993217893794249,-0.06660287967998085,-2.9910986115164606,-0.025035418619216168,-0.8029746729682818,0.35476754555942935,20.884709349095417,0.008459835267523676,0.4291684599597232
mom,diag,common,ff5_umd,net_return_20bps,1995-02-28,2026-01-31,372,0.0006114483248587702,0.0073373798983052425,1.0541580728584328,0.6858000920108083,0.04361961440182295,2.914272190023754,-0.03333068451702617,-1.0980702397837776,-0.03663674640371087,-1.2517103613643807,-0.04790832203943926,-1.5787161570952346,-0.01712512946201996,-0.45246870327407873,0.34052703604496304,19.40604950579347,,
mom,diag,common,ff5,net_return_20bps,1995-02-28,2026-01-31,372,0.0026358089890449517,0.03162970786853942,2.660759510170504,0.11320976109952585,-0.061312322736439565,-2.0484289800002085,-0.01152445010250601,-0.20555913136521126,-0.21413876455046615,-4.4620450978615995,-0.01163293598306736,-0.1509430314934548,0.09424770448678556,1.0751174609533922,,,,
mom,diag,common,ff5_umd_strev,net_return_20bps,1995-02-28,2026-01-31,372,0.0005985121498494034,0.007182145798192841,1.0391131377367666,0.686647478917432,0.040282973649459264,2.5276611179100703,-0.03456289687846045,-1.1711681015802606,-0.03873089468393613,-1.2841472132634995,-0.04910632260309208,-1.629550846882061,-0.012487098594361295,-0.3268840328800114,0.34283965544419315,18.46167895424609,0.017226187894825697,0.7414632194372232
mom,diag,post_2010,ff5_umd,net_return_20bps,2010-02-28,2026-08-31,199,0.000400360027348882,0.004804320328186584,0.5732887766011723,0.6513635749046589,0.05111781295677762,3.3095408122682266,0.011171637553397146,0.30961771206124167,-0.0491535725538574,-1.5111319897905897,-0.08338352440983214,-2.1576229925084442,0.020969762981987557,0.36354370836683575,0.353004921594361,13.912765424564592,,
mom,diag,post_2010,ff5,net_return_20bps,2010-02-28,2026-08-31,199,0.0020111313708478782,0.02413357645017454,1.9343937690959716,0.16722121136653378,-0.00200380506505312,-0.07264246986097374,-0.08687899666494359,-1.62738292915134,-0.17273316916549605,-4.028386462123099,-0.20490459777009246,-3.286827690073574,0.15719282668510431,2.022838205456861,,,,
mom,diag,post_2010,ff5_umd_strev,net_return_20bps,2010-02-28,2026-08-31,199,0.00043840604313540987,0.005260872517624918,0.629463158193402,0.6527155760369276,0.04680644981304724,2.686861495535301,0.00851138156495456,0.2335665017610421,-0.05199782072452658,-1.51798563604494,-0.08644823871828325,-2.154616844311442,0.027393588131158844,0.45496097782035455,0.357920150426692,13.345805010643781,0.022620018233439995,0.7512019088765705
mom,diag,recent_18m,ff5_umd,net_return_20bps,2025-04-30,2026-08-31,17,-0.0009878169538627456,-0.011853803446352947,-0.4333139124083129,0.779859595615378,0.07972771535312977,1.6968045941264163,-0.33427075074321416,-3.1925486783448567,0.09874012755567722,0.7434023576974613,-0.16840889301154258,-2.9208527218438984,0.054383876670592746,0.8669089373797936,0.28717677878117726,4.359825932491567,,
mom,diag,recent_18m,ff5,net_return_20bps,2025-04-30,2026-08-31,17,-0.004626294163100248,-0.05551552995720298,-1.1179467073926574,0.518958624540772,0.1953357008555792,1.6184339047278378,-0.3902057775455448,-1.854485101465925,0.29014781351458335,1.658748703821068,-0.3617977690163142,-5.672944692663463,0.011719402534397322,0.12004953941879734,,,,
mom,diag,recent_18m,ff5_umd_strev,net_return_20bps,2025-04-30,2026-08-31,17,-0.00039118836821447085,-0.00469426041857365,-0.20751124614808952,0.7913223770764249,0.0996299722911092,3.2023395393004317,-0.38321559056710824,-3.1165918903161582,0.08011206415723075,0.7399927372613823,-0.2216225368272669,-2.0232023602855014,0.12139388518562966,1.046298529562267,0.29254328407802216,4.601477949513096,0.08423079862629662,0.7874905746037696
rev,mv,full,ff5_umd,net_return_20bps,1990-02-28,2026-01-31,432,-0.0036937225077870017,-0.04432467009344402,-6.1267892558237715,0.24154075864632218,-0.0029584640440628203,-0.18953875825414485,-0.011063688802719766,-0.501325971906444,-0.04150232612503898,-1.346268300347197,0.0012714813738015623,0.044507633163618346,-0.004809538614824679,-0.09797725958209476,0.13590172356134536,7.990529526077697,,
rev,mv,full,ff5,net_return_20bps,1990-02-28,2026-01-31,432,-0.00279812603482323,-0.03357751241787876,-4.4175271437016965,0.06471517035390761,-0.040637308556148076,-2.113751222510034,-0.008477254212517457,-0.36830508621397257,-0.11096373185743032,-3.5741730873968547,0.011879647414921772,0.37480965914016146,0.045447903284418875,0.8422115886948913,,,,
rev,mv,full,ff5_umd_strev,net_return_20bps,1990-02-28,2026-01-31,432,-0.0036920575384919996,-0.044304690461903995,-6.095316131506084,0.24158636403880696,-0.0024042767837321004,-0.1420476592264407,-0.010837056368479737,-0.48491973601858557,-0.041148315086601384,-1.3398558376308987,0.0014320562576191215,0.05002364442380553,-0.005550474264684347,-0.11360752807868604,0.13551162276262596,7.800225305632864,-0.002911245531085096,-0.13323848811434105
rev,mv,common,ff5_umd,net_return_20bps,1995-02-28,2026-01-31,372,-0.003734364292303905,-0.04481237150764686,-5.827515461972251,0.2485315730981541,-0.003271727584981744,-0.1956403220137486,-0.008750698561538227,-0.3745060212740544,-0.04850059046186062,-1.54118889717784,0.018258670399497464,0.6249634545911161,-0.012107958822186807,-0.2348212131275225,0.13415189518815696,7.58844477454369,,
rev,mv,common,ff5,net_return_20bps,1995-02-28,2026-01-31,372,-0.0029368598627023874,-0.03524231835242865,-4.4911213388956295,0.0765435677158991,-0.04461005536170413,-2.235969109548012,-0.00016005122968042185,-0.006404835244369592,-0.11842817216191018,-3.86704422439579,0.03254949395543321,1.0255292241750393,0.031767784261940435,0.5653676969260744,,,,
rev,mv,common,ff5_umd_strev,net_return_20bps,1995-02-28,2026-01-31,372,-0.003730498366880846,-0.044765980402570155,-5.782776215647428,0.24867804038940688,-0.002274585516095967,-0.1258101033964332,-0.008382456705558579,-0.35446045462834797,-0.04787476241992403,-1.5317481429024615,0.01861668819320838,0.6340586656786102,-0.01349401624885355,-0.26363048953242557,0.13346077790480518,7.320985920193598,-0.005147979033790436,-0.22752243273823758
rev,mv,post_2010,ff5_umd,net_return_20bps,2010-02-28,2026-01-31,192,-0.0029171983151690443,-0.03500637978202853,-3.022854578362848,0.12697808981028358,0.01605903261421459,0.6156484694019693,-0.006029894558170655,-0.18400756258506296,-0.09395460860662647,-1.9215987742698706,-0.035622002198663474,-0.7333913866976142,0.11703298103576244,1.6026820411756064,0.08724098621019127,3.1770216969431915,,
rev,mv,post_2010,ff5,net_return_20bps,2010-02-28,2026-01-31,192,-0.002517426244283019,-0.030209114931396226,-2.717340107087433,0.08175441137847206,0.00144999593638012,0.059191350122372886,-0.026321906009509007,-0.7479881333228283,-0.1282347566106808,-2.863788952416371,-0.051140897356525834,-1.0354551401878151,0.1541739136542104,2.35556235176995,,,,
rev,mv,post_2010,ff5_umd_strev,net_return_20bps,2010-02-28,2026-01-31,192,-0.0029595835481124023,-0.035515002577348825,-3.1204885462931786,0.13077104827804054,0.022569083779981916,0.8542754406061692,-0.004600441696493988,-0.14234973140859694,-0.08986386417486701,-1.8812126089408623,-0.03684787728610202,-0.7587571834168516,0.10890181673648387,1.517122476222167,0.08149120990789048,2.7714555219695187,-0.029945937800619365,-0.973283620874354
rev,mv,recent_18m,ff5_umd,net_return_20bps,2025-04-30,2026-01-31,10,-0.004697615552575305,-0.056371386630903665,-2.830447987521236,0.7525644416558241,0.25102764090440605,5.37214438813183,-0.3854410770390938,-3.3975647595939704,0.11981643420577709,1.0993716679365648,-0.14072767583711543,-1.116624804643265,0.41172053563112,4.284145599576075,-0.2416640107336177,-2.5987844085714613,,
rev,mv,recent_18m,ff5,net_return_20bps,2025-04-30,2026-01-31,10,-0.008597716066702345,-0.10317259280042815,-1.704826758736745,0.5611233839078744,0.2843791817144092,1.4497000098812127,-0.3972983464669195,-2.405570493384256,0.27492137737482936,1.2902364693750044,-0.35273953194614216,-2.4066456481363256,0.5350618259515773,2.5929804937581484,,,,
rev,mv,recent_18m,ff5_umd_strev,net_return_20bps,2025-04-30,2026-01-31,10,-0.0038158523390691805,-0.045790228068830166,-2.918031027748489,0.8106901832132365,-0.07369715835846942,-0.6883493192801508,-0.4939088787710557,-7.110603185063397,0.19746200719189494,2.686527426762463,-0.23947078673653083,-1.7950998133496923,0.7066070647463621,6.895943356439939,-0.1652772608117697,-2.818535843775057,-0.23471472069940363,-3.42386743789326
rev,diag,full,ff5_umd,net_return_20bps,1990-02-28,2026-01-31,432,-0.0034509670708126002,-0.041411604849751205,-5.7834457508735175,0.39237490811139486,-0.005791855705256229,-0.3405380894498138,0.0012973588572025678,0.056862912078148316,-0.052085189357609495,-1.7009363761806708,-0.0026601101426724,-0.10380106553118107,0.0023281912181757625,0.05050454838430004,0.1988923404160986,10.559936194158142,,
rev,diag,full,ff5,net_return_20bps,1990-02-28,2026-01-31,432,-0.002140260525610016,-0.025683126307320194,-3.165238957495663,0.09542532988832919,-0.060934891222389584,-2.6221163274239307,0.005082609076978339,0.16788819391922583,-0.1537420425061375,-4.36075200099742,0.01286495397094484,0.2939395034216534,0.0758800195594446,1.2162992245954058,,,,
rev,diag,full,ff5_umd_strev,net_return_20bps,1990-02-28,2026-01-31,432,-0.0034392586148939072,-0.04127110337872689,-5.733117261164098,0.39414320183125284,-0.001894680467412124,-0.10686331028644518,0.002891091470769786,0.12528025695566594,-0.04959570042186729,-1.6331980006114362,-0.0015309097697514505,-0.05825049760248116,-0.002882242644461075,-0.06353987475078082,0.19614905979264066,9.748395201399811,-0.020472563711150412,-0.8272913309319067
rev,diag,common,ff5_umd,net_return_20bps,1995-02-28,2026-01-31,372,-0.0034334948948682477,-0.04120193873841897,-5.138450234099035,0.3890159758026793,-0.007456267253989988,-0.40067220876101056,0.0013576408736425787,0.05291689063375833,-0.05088563130818452,-1.5660057082784744,0.00428218073948743,0.14931017474177974,-0.006537980376143698,-0.13451760674945135,0.19700533876474977,9.807618939076814,,
rev,diag,common,ff5,net_return_20bps,1995-02-28,2026-01-31,372,-0.0022623401370493257,-0.02714808164459191,-3.0906446149811018,0.10210887942997882,-0.06816261252178621,-2.797375486365393,0.01397321656452211,0.4096731687261496,-0.15357599511181222,-4.247428479419035,0.02526860461307969,0.545558892422781,0.05789462132299886,0.8863166949558112,,,,
rev,diag,common,ff5_umd_strev,net_return_20bps,1995-02-28,2026-01-31,372,-0.0034167659560236673,-0.04100119147228401,-5.081745335743521,0.3911375159632693,-0.003141355075347945,-0.16219349645861544,0.0029511262140289596,0.11402571498658831,-0.04817749861160143,-1.4972897264524627,0.0058314237074228,0.19888739992896273,-0.01253583791043154,-0.2625197046958962,0.19401468128889315,8.98993093896525,-0.022276742824740993,-0.8577467138377252
rev,diag,post_2010,ff5_umd,net_return_20bps,2010-02-28,2026-01-31,192,-0.0028850258313390317,-0.03462030997606838,-2.7266997996078737,0.190404134958698,0.0064169044336664875,0.21806994115302722,0.011502287088749055,0.3279500600068272,-0.10260868809270814,-1.844168302826461,-0.029994056075815213,-0.5373759028312486,0.14711551874847098,2.2337172079402525,0.12293640056782718,4.564294723097388,,
rev,diag,post_2010,ff5,net_return_20bps,2010-02-28,2026-01-31,192,-0.0023216835128115378,-0.027860202153738453,-2.316944086566095,0.10772396171498311,-0.014169547679669792,-0.5046799920656097,-0.017092378749831952,-0.45766642635407895,-0.15091485918982625,-2.71699210427778,-0.05186264324309571,-0.923547853160716,0.19945298956572335,3.1064972407614113,,,,
rev,diag,post_2010,ff5_umd_strev,net_return_20bps,2010-02-28,2026-01-31,192,-0.0029652562639833078,-0.035583075167799696,-2.8804651467851876,0.20291659912157456,0.018739692001306506,0.6978761184171075,0.014208079025534798,0.424798741299084,-0.0948653734331932,-1.7254685701286074,-0.032314498404502734,-0.5958421771900834,0.13172414811463076,1.9850227418795803,0.11205272697901099,3.8604067567991134,-0.05668425956023944,-1.4329017858940132
rev,diag,recent_18m,ff5_umd,net_return_20bps,2025-04-30,2026-01-31,10,-0.0033532536308655417,-0.040239043570386504,-2.195687907081086,0.5967405604790763,0.11371007391307182,3.160900423398573,-0.27286796098150806,-2.0833601027842255,-0.023583448686749747,-0.22502131505427672,-0.13847545308708614,-0.9424583243243514,0.33275371478379556,3.4827094272650996,-0.19679602599381327,-2.0935343177415953,,
rev,diag,recent_18m,ff5,net_return_20bps,2025-04-30,2026-01-31,10,-0.006529251082147837,-0.07835101298577404,-1.5911653251445226,0.41402037534156044,0.1408694787092366,0.9335441367017655,-0.28252377814456214,-2.398410708888424,0.10272429707565864,0.5556219672449593,-0.3111246225648666,-1.9424819698556983,0.4331951321977067,2.5675507817542815,,,,
rev,diag,recent_18m,ff5_umd_strev,net_return_20bps,2025-04-30,2026-01-31,10,-0.002509213428903917,-0.030110561146847,-1.5840192365994434,0.6733943394204585,-0.19712256341362433,-1.582669756918835,-0.3766953648444365,-4.2402186815768195,0.05074034266766314,0.6744995672712384,-0.23299420141915014,-1.4856334571654972,0.6150246031331765,5.472721550267707,-0.12367720356657488,-2.0674885218450716,-0.22467331050787226,-3.064082103896263
rev_orth,mv,full,ff5_umd,net_return_20bps,1990-02-28,2026-01-31,432,-0.003858509538838679,-0.04630211446606415,-5.919171197892084,0.07740988688071637,-0.02624554188288421,-1.4974824504886972,0.0023051419359030913,0.10293434491086793,0.007254646119066375,0.2524395848845432,-0.004139770439729969,-0.14729907276006698,-0.05059476605714161,-1.1412372867518334,0.06474826393017523,4.412950058408055,,
rev_orth,mv,full,ff5,net_return_20bps,1990-02-28,2026-01-31,432,-0.0034318165191565796,-0.041181798229878955,-5.360622084036677,0.027502144198345846,-0.04419704172498365,-2.539222180908815,0.0035374084965913467,0.1705578867938096,-0.02583916103409834,-0.9514636538710313,0.000914325392509574,0.03477973612610505,-0.026650388993529235,-0.5941313362267753,,,,
rev_orth,mv,full,ff5_umd_strev,net_return_20bps,1990-02-28,2026-01-31,432,-0.003861925519432227,-0.04634310623318672,-5.906699193639913,0.0776485861106565,-0.027382555599683934,-1.4751498604996331,0.001840165194559618,0.08241291249583393,0.00652832951921899,0.22780921257613077,-0.004469218369235164,-0.1609387260116857,-0.04907460480938282,-1.1025212940085412,0.06554862509115503,4.677435213859339,0.005972937919648421,0.32464870273727403
rev_orth,mv,common,ff5_umd,net_return_20bps,1995-02-28,2026-01-31,372,-0.003862284714042221,-0.04634741656850665,-5.502038409799303,0.08879280026494074,-0.02885924603970407,-1.5050738067135399,-0.001730356422104392,-0.07466153007121054,0.008546690113549136,0.2896139972694054,0.0032810475902279937,0.11235026964704688,-0.05862289289401992,-1.2551169998809053,0.06572102735480823,4.341481984136226,,
rev_orth,mv,common,ff5,net_return_20bps,1995-02-28,2026-01-31,372,-0.0034715872113352374,-0.04165904653602285,-5.1075893588798245,0.03620779771566829,-0.04911089710140176,-2.6513989737875097,0.0024782025960195693,0.1150213343855167,-0.02571083940788438,-0.9372062555624037,0.010282123531235685,0.38131631800432303,-0.03712816181027277,-0.7897815902990138,,,,
rev_orth,mv,common,ff5_umd_strev,net_return_20bps,1995-02-28,2026-01-31,372,-0.003863037523456142,-0.0463564502814737,-5.4856857998827415,0.08879987568886238,-0.029053418936050558,-1.4308416709418463,-0.0018020639449966864,-0.07768683439521362,0.008424822982164834,0.28709596950657784,0.003211330993047292,0.11065840965440693,-0.058352986735773715,-1.2489535899788256,0.06585560822228023,4.547197483771557,0.001002462969433909,0.053241415017224646
rev_orth,mv,post_2010,ff5_umd,net_return_20bps,2010-02-28,2026-01-31,192,-0.0030522998467331234,-0.036627598160797484,-2.9441329958415268,0.05757594394363297,-0.01555076246564736,-0.4887174908366954,-0.007657542000776554,-0.20494912984659905,0.0037140958093239904,0.07677880118004561,-0.06447732678303636,-1.5347178045540781,0.0015929759343622021,0.02219711792469226,0.06440495690118765,2.67884314982322,,
rev_orth,mv,post_2010,ff5,net_return_20bps,2010-02-28,2026-01-31,192,-0.002757171328427754,-0.03308605594113305,-2.7984955076772833,0.028943510428834696,-0.026335766378107486,-0.8757642650120253,-0.02263795636488196,-0.5951486917576251,-0.02159294794013715,-0.485826381524348,-0.07593402640571265,-1.8212044564340253,0.029011970932857862,0.4264205260146661,,,,
rev_orth,mv,post_2010,ff5_umd_strev,net_return_20bps,2010-02-28,2026-01-31,192,-0.00306426521701064,-0.03677118260412768,-2.989148832326173,0.05792709675160568,-0.013712972100591594,-0.40793879102088637,-0.0072540068165517155,-0.19617252860715037,0.004868914797863652,0.1028813429862396,-0.06482339187025157,-1.5383809322382644,-0.0007024553956522725,-0.010089453077402841,0.06278179247121204,2.280451960877832,-0.008453751677395725,-0.24287876251968715
rev_orth,mv,recent_18m,ff5_umd,net_return_20bps,2025-04-30,2026-01-31,10,-0.0035589179282038167,-0.0427070151384458,-2.5729542892835906,0.7841876071420285,-0.1513477427610892,-4.580801614611535,0.23475039188912253,2.146783443774341,0.05989050100352211,0.6230388882549145,0.06298072199349725,0.489660487063021,-0.415807954493001,-4.580965352932131,0.311119145580139,3.6130830559461162,,
rev_orth,mv,recent_18m,ff5,net_return_20bps,2025-04-30,2026-01-31,10,0.0014620859686874281,0.017545031624249138,0.2669198939681179,0.48285261540920443,-0.19428464035328766,-0.881294339296557,0.2500154846189007,1.1161753781603647,-0.13979217929099436,-0.603049091882937,0.3359255735055712,2.095879485625231,-0.5745979900583351,-2.3828171072567104,,,,
rev_orth,mv,recent_18m,ff5_umd_strev,net_return_20bps,2025-04-30,2026-01-31,10,-0.004289248748089869,-0.05147098497707843,-3.1514387067398335,0.8220570376205545,0.11760941631565809,1.0692582089661569,0.3245901327138193,4.349825540556578,-0.004420363989350917,-0.06251060131972279,0.14476587251539408,1.0495254638536435,-0.6600512130949796,-6.507552409105217,0.24785091569217596,4.3837376104136965,0.1944052459686009,2.8764562857778855
rev_orth,diag,full,ff5_umd,net_return_20bps,1990-02-28,2026-01-31,432,-0.0036448714419413638,-0.04373845730329637,-5.251625974397294,0.09155807752135092,-0.025728176789946378,-1.3237049615607965,0.01479939546240787,0.6449798247076552,0.009174368135282954,0.3009252745276617,0.022334733332811902,0.8892342874429272,-0.056231694478387585,-1.2228050006313254,0.07381649476497316,4.382823239765749,,
rev_orth,diag,full,ff5,net_return_20bps,1990-02-28,2026-01-31,432,-0.0031584185064992545,-0.03790102207799105,-4.687640934258884,0.0311229620029696,-0.046193849746780535,-2.4404587731026397,0.016204245455362008,0.7301497914625616,-0.02855434757374381,-0.9761333448278706,0.028096673744751142,1.0616007450917446,-0.028933819958188008,-0.58797636170531,,,,
rev_orth,diag,full,ff5_umd_strev,net_return_20bps,1990-02-28,2026-01-31,432,-0.0036322657064866847,-0.04358718847784022,-5.247416811811363,0.09458657666246917,-0.021532340856506876,-1.0893070800436813,0.01651526404931771,0.7290053193718837,0.011854639484401411,0.3909726822882395,0.0235504701708033,0.9248337480514247,-0.06184143083752435,-1.3484292895904955,0.07086298235843828,4.394156983082514,-0.022041482157315703,-1.1135384494707952
rev_orth,diag,common,ff5_umd,net_return_20bps,1995-02-28,2026-01-31,372,-0.003618873370087799,-0.043426480441053586,-4.64287240059183,0.09619943623895943,-0.029685624400689888,-1.379479024026201,0.011272805913917753,0.44602799397604265,0.017604023940127014,0.554514332017404,0.023072323675271244,0.8365067199273114,-0.06829963162149136,-1.4087161566435726,0.07358005795418282,4.1049761818293575,,
rev_orth,diag,common,ff5,net_return_20bps,1995-02-28,2026-01-31,372,-0.0031814556051990217,-0.03817746726238826,-4.229008278760176,0.03707471307484178,-0.05235900183806474,-2.574439734959951,0.01598463147296395,0.6454052865627761,-0.02075007837701806,-0.6843477650594028,0.030910600011091388,1.0521113687592947,-0.044234524569631194,-0.8537332298334368,,,,
rev_orth,diag,common,ff5_umd_strev,net_return_20bps,1995-02-28,2026-01-31,372,-0.003598993242949035,-0.043187918915388424,-4.634959540470104,0.10062548664171223,-0.024557923026391867,-1.120037348690857,0.013166452095239133,0.5315353913591072,0.02082228080727383,0.6595990766436418,0.02491339365929676,0.893811536562646,-0.07542729055129396,-1.5669019362405125,0.07002605782298421,4.083658580792479,-0.026472957054078157,-1.2847925534473077
rev_orth,diag,post_2010,ff5_umd,net_return_20bps,2010-02-28,2026-01-31,192,-0.0029884768044598593,-0.03586172165351831,-2.5091232620032176,0.05030535901463651,-0.02377433106354088,-0.681610205820547,0.0208492751133717,0.4880483114059728,-0.012530262258523557,-0.23413581353559873,-0.02811222074051424,-0.5603739491556411,0.053403616676865835,0.7553555674946506,0.05940748327672742,2.3514679879932827,,
rev_orth,diag,post_2010,ff5,net_return_20bps,2010-02-28,2026-01-31,192,-0.002716248650614325,-0.0325949838073719,-2.402409075997841,0.02854143368921147,-0.03372247745469389,-1.0186095856312714,0.007031259255067126,0.16297710960591985,-0.03587361734586774,-0.7005611340070419,-0.038679942915762947,-0.7703369038182193,0.07869504710724258,1.1427884488828357,,,,
rev_orth,diag,post_2010,ff5_umd_strev,net_return_20bps,2010-02-28,2026-01-31,192,-0.003038000033243008,-0.0364560003989161,-2.6163889882230835,0.05567935093172338,-0.016167937730674802,-0.47332101193696946,0.022519458717131676,0.5436781940798431,-0.0077506053280503254,-0.145389032991281,-0.029544542523337106,-0.6034265672428744,0.0439031024198198,0.6198492330077187,0.052689400881112694,1.8241126880827385,-0.034989061657583295,-0.8183504767410074
rev_orth,diag,recent_18m,ff5_umd,net_return_20bps,2025-04-30,2026-01-31,10,-0.006331749047396803,-0.07598098856876163,-3.348681739027403,0.7003705716858369,0.04726910793713948,0.7319723382653757,0.1282545707604698,0.8582085017996841,0.26634585477235995,3.62396531002221,0.005335839987796187,0.03056137405201378,-0.3966625944040416,-3.6464272836277543,0.3444150867387284,5.045065230012955,,
rev_orth,diag,recent_18m,ff5,net_return_20bps,2025-04-30,2026-01-31,10,-0.0007733977944108391,-0.009280773532930069,-0.16939139257084532,0.304165943450144,-0.00026289232254783634,-0.0015356305607697413,0.14515333225198085,0.6653410757543513,0.04529315315987553,0.22615865643678093,0.3074912233639233,1.679674527687752,-0.5724463243654406,-2.7503869870562814,,,,
rev_orth,diag,recent_18m,ff5_umd_strev,net_return_20bps,2025-04-30,2026-01-31,10,-0.006730558175514343,-0.08076669810617211,-2.821912364460514,0.7124860012449181,0.19413757793967254,1.286401715584698,0.17731303540829885,1.2925783088518858,0.23122785167303617,3.1438667713469473,0.04999596343388846,0.26426772649777924,-0.530035633524631,-3.60822959749089,0.3098664316469257,6.545886815305494,0.10615817453562232,1.5049331260257137
blend,mv,full,ff5_umd,net_return_20bps,1995-02-28,2026-01-31,372,0.00020129869793540498,0.00241558437522486,0.3609716193458305,0.5875938517301313,0.05217696236176646,2.7650134735360843,-0.035844869592910764,-1.2158575412694002,-0.031003955546022775,-0.9147208867375257,-0.0008078501323211182,-0.02193641496717114,-0.08618950983917245,-1.997438097442583,0.29906496541150057,20.391983091099156,,
blend,mv,full,ff5,net_return_20bps,1995-02-28,2026-01-31,372,0.001979176187625546,0.023750114251506554,2.2133843854834114,0.10408728932333777,-0.039978616576384664,-1.3859876417558317,-0.016693730180671856,-0.3441987257740075,-0.18689358925640376,-4.024974635944171,0.031050698317280523,0.46411996309727127,0.011622731795240288,0.14066477795521773,,,,
blend,mv,full,ff5_umd_strev,net_return_20bps,1995-02-28,2026-01-31,372,0.00019295368403016852,0.0023154442083620223,0.34740513675362333,0.5879799115413928,0.05002452445372495,2.6034003655972073,-0.036639759062395666,-1.2659376713981338,-0.03235487237463965,-0.9273657102018023,-0.0015806698688284673,-0.043262136762540676,-0.08319755649473662,-1.8772276727508317,0.30055681605746815,19.73059419954331,0.01111246387840933,0.573194374030045
blend,mv,common,ff5_umd,net_return_20bps,1995-02-28,2026-01-31,372,0.00020129869793540498,0.00241558437522486,0.3609716193458305,0.5875938517301313,0.05217696236176646,2.7650134735360843,-0.035844869592910764,-1.2158575412694002,-0.031003955546022775,-0.9147208867375257,-0.0008078501323211182,-0.02193641496717114,-0.08618950983917245,-1.997438097442583,0.29906496541150057,20.391983091099156,,
blend,mv,common,ff5,net_return_20bps,1995-02-28,2026-01-31,372,0.001979176187625546,0.023750114251506554,2.2133843854834114,0.10408728932333777,-0.039978616576384664,-1.3859876417558317,-0.016693730180671856,-0.3441987257740075,-0.18689358925640376,-4.024974635944171,0.031050698317280523,0.46411996309727127,0.011622731795240288,0.14066477795521773,,,,
blend,mv,common,ff5_umd_strev,net_return_20bps,1995-02-28,2026-01-31,372,0.00019295368403016852,0.0023154442083620223,0.34740513675362333,0.5879799115413928,0.05002452445372495,2.6034003655972073,-0.036639759062395666,-1.2659376713981338,-0.03235487237463965,-0.9273657102018023,-0.0015806698688284673,-0.043262136762540676,-0.08319755649473662,-1.8772276727508317,0.30055681605746815,19.73059419954331,0.01111246387840933,0.573194374030045
blend,mv,post_2010,ff5_umd,net_return_20bps,2010-02-28,2026-01-31,192,-1.673615000626625e-05,-0.00020083380007519499,-0.019546321073146904,0.4632557768749985,0.05383123432065666,2.2556652546778095,0.016322476717878287,0.4220192955365017,-0.06717801638886585,-1.6033178980244487,0.0022856622392545406,0.041506028593161666,-0.032235660903127884,-0.47678193774550937,0.28595876194313474,13.818188712793425,,
blend,mv,post_2010,ff5,net_return_20bps,2010-02-28,2026-01-31,192,0.0012936379231911822,0.015523655078294186,1.2784204973707332,0.13054621914038922,0.0059456908043298996,0.2049193690585863,-0.050190738274673755,-1.0019417873254872,-0.17954158663609945,-3.686858126749295,-0.048582218086808876,-0.7450882441862967,0.08950499759190517,1.169539499258518,,,,
blend,mv,post_2010,ff5_umd_strev,net_return_20bps,2010-02-28,2026-01-31,192,2.402722658864393e-05,0.00028832671906372717,0.027737529215382962,0.46565805313890896,0.047570288021807586,1.886049945625751,0.014947721377896555,0.38238906872400863,-0.07111222989309192,-1.61092305759335,0.0034646296384523434,0.06280654181617912,-0.024415632806789517,-0.3503198370734315,0.2914885250344601,13.967079632047623,0.028800066798900324,0.8656228344153157
blend,mv,recent_18m,ff5_umd,net_return_20bps,2025-04-30,2026-01-31,10,0.002743792506112893,0.032925510073354716,3.396034100761206,0.8955395491774156,-0.21168610865992304,-12.702296252096042,-0.5462505022215802,-8.011900155297408,0.25276501717261557,4.593682672188941,-0.42544392812525184,-4.595618794961088,0.5767155711775209,9.042689925051253,0.4287966373325456,8.008168987641831,,
blend,mv,recent_18m,ff5,net_return_20bps,2025-04-30,2026-01-31,10,0.009663937465388663,0.11596724958466395,1.5803379684895709,0.28719012885067396,-0.27086342888139536,-1.0310235831515056,-0.5252115513113345,-1.4631801306847922,-0.022445502849154197,-0.08658657813778785,-0.04926060360701928,-0.26325936158387897,0.3578649017165764,1.182525474722736,,,,
blend,mv,recent_18m,ff5_umd_strev,net_return_20bps,2025-04-30,2026-01-31,10,0.0024392317895369237,0.029270781474443085,2.386007420760543,0.9025387999567844,-0.09952627250585788,-1.231017529814098,-0.508785760083416,-8.905055886186766,0.22594626244866856,4.5762771495985035,-0.39133809092106386,-3.846322866333764,0.474861863469683,6.491168442836966,0.4024126796704738,10.23295385051478,0.0810703853735594,1.689920766829501
blend,diag,full,ff5_umd,net_return_20bps,1995-02-28,2026-01-31,372,0.00019463141148814834,0.00233557693785778,0.37039558046475435,0.6868296521605948,0.05118518783383598,3.5381691622991593,-0.010156497526390813,-0.3316916448758444,-0.03228210963903169,-1.103253455527607,-0.0356395899825071,-1.151802215829389,-0.043492749903874514,-1.1804707922465167,0.3395866217901638,20.336169017230404,,
blend,diag,full,ff5,net_return_20bps,1995-02-28,2026-01-31,372,0.0022134015133284833,0.0265608181599418,2.334998477570974,0.10699964460261835,-0.053456964708716845,-1.8384912310995414,0.011589515843935354,0.21212058030944955,-0.2092939305020129,-4.490428661721165,0.0005356163919752396,0.007377029515958404,0.06757251198880497,0.7993425202936656,,,,
blend,diag,full,ff5_umd_strev,net_return_20bps,1995-02-28,2026-01-31,372,0.0001872901339604016,0.002247481607524819,0.35771083018238187,0.6871075415713372,0.0492916446685886,3.2008648794236327,-0.010855777870993082,-0.3612214709108327,-0.03347053849827446,-1.1112623502576053,-0.0363194551366026,-1.1851598397977656,-0.04086066802828146,-1.1050782839428452,0.34089903297921,19.259678284769297,0.009775859246581094,0.45512518908294947
blend,diag,common,ff5_umd,net_return_20bps,1995-02-28,2026-01-31,372,0.00019463141148814834,0.00233557693785778,0.37039558046475435,0.6868296521605948,0.05118518783383598,3.5381691622991593,-0.010156497526390813,-0.3316916448758444,-0.03228210963903169,-1.103253455527607,-0.0356395899825071,-1.151802215829389,-0.043492749903874514,-1.1804707922465167,0.3395866217901638,20.336169017230404,,
blend,diag,common,ff5,net_return_20bps,1995-02-28,2026-01-31,372,0.0022134015133284833,0.0265608181599418,2.334998477570974,0.10699964460261835,-0.053456964708716845,-1.8384912310995414,0.011589515843935354,0.21212058030944955,-0.2092939305020129,-4.490428661721165,0.0005356163919752396,0.007377029515958404,0.06757251198880497,0.7993425202936656,,,,
blend,diag,common,ff5_umd_strev,net_return_20bps,1995-02-28,2026-01-31,372,0.0001872901339604016,0.002247481607524819,0.35771083018238187,0.6871075415713372,0.0492916446685886,3.2008648794236327,-0.010855777870993082,-0.3612214709108327,-0.03347053849827446,-1.1112623502576053,-0.0363194551366026,-1.1851598397977656,-0.04086066802828146,-1.1050782839428452,0.34089903297921,19.259678284769297,0.009775859246581094,0.45512518908294947
blend,diag,post_2010,ff5_umd,net_return_20bps,2010-02-28,2026-01-31,192,0.00015764565486808498,0.0018917478584170198,0.24182123329456323,0.637422111167733,0.04936291214460331,3.2278021910696197,0.06303541676615448,2.056352265724613,-0.0455937751157252,-1.3382467892534358,-0.049681778174949745,-1.1557756549161737,-0.011046702966028436,-0.20829154174029754,0.3492608495342988,15.777480375077227,,
blend,diag,post_2010,ff5,net_return_20bps,2010-02-28,2026-01-31,192,0.0017580944709937821,0.021097133651925386,1.8440197583200435,0.1273890230958754,-0.009122953073437287,-0.33233918480366237,-0.018201688247524973,-0.37264839351244794,-0.18283103175575688,-4.304078952852702,-0.11181017380782382,-2.0254039377684827,0.137643428156079,1.8135043826250699,,,,
blend,diag,post_2010,ff5_umd_strev,net_return_20bps,2010-02-28,2026-01-31,192,0.00019944689927769445,0.0023933627913323334,0.3063055186819114,0.6400180900073473,0.04294255720015248,2.5047348458024437,0.061625659067692115,1.9495297258242321,-0.0496281568079985,-1.3666550381981168,-0.04847279333312514,-1.1005361810164291,-0.0030275707681849152,-0.05451916951335419,0.35493140476834706,16.82461528282194,0.0295333392824059,1.1401467822186035
blend,diag,recent_18m,ff5_umd,net_return_20bps,2025-04-30,2026-01-31,10,-0.0021937277248516365,-0.02632473269821964,-0.8213912836668495,0.8855276741665857,-0.05340838307994067,-0.4948410637606594,-0.4013327595665576,-4.700200206549386,0.33900511231730207,4.279488576537286,-0.5027941102274488,-4.972307011638751,0.37037051177650937,3.3940170473027904,0.5336469866220671,21.291159555069683,,
blend,diag,recent_18m,ff5,net_return_20bps,2025-04-30,2026-01-31,10,0.006418547146234684,0.07702256575481621,1.1450669754459637,0.16776850261406417,-0.12705587903282214,-0.5732992349612218,-0.37514931553400754,-0.8168362848458799,-0.003500523011200962,-0.014193846437700842,-0.03462556582037574,-0.15542422536533076,0.09800596851755336,0.3458223009236702,,,,
blend,diag,recent_18m,ff5_umd_strev,net_return_20bps,2025-04-30,2026-01-31,10,-0.0016688172280096072,-0.020025806736115287,-0.8311148877913287,0.9013654637731766,-0.2467158981895894,-2.6213531601224305,-0.46590325516716125,-4.23132092303147,0.38522724505025463,6.891205661834897,-0.5615755320513776,-5.0876011541338375,0.5459154110634578,4.296075388940253,0.5791197464735269,38.90308816225518,-0.13972483629538326,-4.11672400053316
