window,window_start,window_end,signal,window_months,months_with_signal,industry_months_with_signal,ic_months,industry_month_pairs,pearson_mean,pearson_std,pearson_tstat,pearson_ir,pearson_positive_pct,spearman_mean,spearman_std,spearman_tstat,spearman_ir,spearman_positive_pct
full,1926-07-31,2026-08-31,mom,1202,1191,55481,1190,55430,0.06967579994693965,0.29646159165582664,8.107500951259182,0.23502471115323734,61.00840336134454,0.06716853921117696,0.27638328777488963,8.383543174361284,0.24302677543182283,60.67226890756302
full,1926-07-31,2026-08-31,rev,1202,492,22387,492,22387,0.006953853502577588,0.21171412138447435,0.7285481537672747,0.032845487382248545,53.2520325203252,0.009677103660238974,0.20626457985534544,1.0406466441834628,0.0469159739739396,53.65853658536586
full,1926-07-31,2026-08-31,rev_alt,1202,489,20330,489,20330,0.02439275626020921,0.23643041440184465,2.281455290373362,0.10317097452086053,52.556237218813905,0.012062560257346987,0.21123823957690535,1.262761655748996,0.05710405597730509,51.94274028629857
full,1926-07-31,2026-08-31,rev_orth,1202,492,22387,492,22387,-0.004332446339351662,0.17678625492130343,-0.5435847295936957,-0.02450669222717713,48.983739837398375,-0.0004594754913724103,0.17085051601877388,-0.059652494234271644,-0.0026893421341608412,50.40650406504065
full,1926-07-31,2026-08-31,blend,1202,432,19682,432,19682,0.049729572771683564,0.30668367093916926,3.3702797315088024,0.1621526591859122,55.78703703703704,0.03979986274365967,0.2762649831902649,2.9943158315714635,0.14406408761637854,55.32407407407407
post_2010,2010-01-31,2026-08-31,mom,200,200,9800,199,9751,0.05034098325185707,0.30276067782916116,2.3455719705167413,0.16627318848936845,56.78391959798995,0.03451824197141345,0.2627438181671355,1.8532870891873892,0.13137603850095475,54.773869346733676
post_2010,2010-01-31,2026-08-31,rev,200,192,8722,192,8722,0.009084821137660027,0.21465835272949868,0.5864340832963255,0.04232223448163812,52.604166666666664,-0.00012291124048415905,0.18531308602038835,-0.009190436268120123,-0.0006632626066711566,52.083333333333336
post_2010,2010-01-31,2026-08-31,rev_alt,200,192,7902,192,7902,0.031316820527874066,0.2541883740570626,1.7071535859816165,0.12320319780181516,52.604166666666664,0.00873095054299559,0.2001382848864345,0.6044800452815092,0.043624589607879564,53.125
post_2010,2010-01-31,2026-08-31,rev_orth,200,192,8722,192,8722,-0.00235533293109137,0.1876558448281723,-0.17391651442035658,-0.012551343302139289,51.041666666666664,-0.006857153615837853,0.1706814832639599,-0.5566831612105477,-0.0401751466222802,51.041666666666664
post_2010,2010-01-31,2026-08-31,blend,200,192,8722,192,8722,0.05359299139730302,0.29167127635476614,2.5460384084396317,0.18374449505996845,56.770833333333336,0.03610226119596252,0.25601185877224564,1.9540016922468728,0.14101792537696453,55.208333333333336
recent_18m,2025-03-31,2026-08-31,mom,18,18,882,17,833,0.03247656914135617,0.2738698722750779,0.4889341197522871,0.11858394233571024,58.82352941176471,0.014662228924028433,0.2664446036826289,0.22689113506222217,0.0550291832575191,52.94117647058824
recent_18m,2025-03-31,2026-08-31,rev,18,10,454,10,454,0.003243087928287823,0.21226774399996592,0.048314191842487295,0.01527828895325869,50.0,-0.01002571744077701,0.18637963278213254,-0.17010497239894218,-0.05379191541007337,40.0
recent_18m,2025-03-31,2026-08-31,rev_alt,18,10,406,10,406,0.08192418322676506,0.17990597451842613,1.4400134022175364,0.4553722212175578,60.0,-0.0041823798912581705,0.12352275778441954,-0.10707214390036394,-0.03385918486824549,50.0
recent_18m,2025-03-31,2026-08-31,rev_orth,18,10,454,10,454,-0.005204670067427676,0.23692901460282703,-0.06946642609544373,-0.021967212737335946,40.0,0.022016375487468924,0.18078888466749646,0.3851005137287559,0.12177947514838111,30.0
recent_18m,2025-03-31,2026-08-31,blend,18,10,454,10,454,0.04587184462623722,0.26521541939493504,0.5469497581370081,0.17296070013911588,60.0,0.01768385411966169,0.270655165288625,0.20661440829569477,0.06533721276223839,60.0
