strategy,method,window,window_start,window_end,months,months_with_returns,first_return_month,last_return_month,ann_return_gross,ann_vol_gross,sharpe_gross,max_drawdown_gross,avg_monthly_turnover,avg_gross_exposure,ann_return_net_10bps,sharpe_net_10bps,ann_return_net_20bps,sharpe_net_20bps,ann_return_net_30bps,sharpe_net_30bps,max_drawdown_net_20bps
mom,mv,full,1974-06-30,2026-08-31,627,626,1974-07-31,2026-08-31,0.033684615223535455,0.06218751225909841,0.5416620475698027,-0.1894256524472111,0.5087259053684388,1.1969802407531767,0.02758074209481098,0.4435120422834221,0.0214768689660865,0.34534560137901044,0.015372995837362017,0.24717571955955406,-0.24348494675058052
mom,mv,common,1995-01-31,2025-12-31,372,372,1995-02-28,2026-01-31,0.03883191550009006,0.06630578363169833,0.5856489942986809,-0.18942565244721088,0.5127583061248989,1.1987917098783272,0.03267881582659128,0.4927875879395785,0.026525716153092488,0.3999340925671946,0.0203726164795937,0.3070994177364627,-0.20160095418502322
mom,mv,post_2010,2010-01-31,2026-08-31,200,199,2010-02-28,2026-08-31,0.036760893002744086,0.05613669709538558,0.6548460259477186,-0.1030726435246967,0.4937655851042665,1.14860915943274,0.030839243400534892,0.5494981827279973,0.0249175937983257,0.4440726196657263,0.018995944196116502,0.3385868188837683,-0.11130429444822465
mom,mv,recent_18m,2025-03-31,2026-08-31,18,17,2025-04-30,2026-08-31,0.029482426026479436,0.06992886742369718,0.421605942047455,-0.058880811563928326,0.43092330184209565,1.0984800887169928,0.02439711427428632,0.34912028992392363,0.019311802522093226,0.27653382742772026,0.014226490769900114,0.20384860574944075,-0.06024554504586088
mom,diag,full,1974-06-30,2026-08-31,627,626,1974-07-31,2026-08-31,0.03710396435599941,0.06455577618336361,0.5747582408522153,-0.19820430295175573,0.464022829773301,1.13004417960414,0.03153462352275773,0.48849642979403285,0.025965282689516048,0.4022014172589209,0.020395941856274368,0.3158923160866407,-0.21547778185172584
mom,diag,common,1995-01-31,2025-12-31,372,372,1995-02-28,2026-01-31,0.03462738146516036,0.06915132189142308,0.5007479324766927,-0.19820430295175573,0.4627736680934317,1.1101526691038026,0.02907409744803918,0.42044614932287927,0.023520813430917997,0.3401197933581599,0.01796752941379682,0.2597850671912557,-0.21547778185172584
mom,diag,post_2010,2010-01-31,2026-08-31,200,199,2010-02-28,2026-08-31,0.032831940221741684,0.05751967613932074,0.5707949422771107,-0.09768020280377132,0.4512882659362567,1.0794460354461188,0.027413892841631187,0.47666592777443223,0.021995845461520665,0.38247773195420665,0.016577798081410168,0.28825489614452277,-0.10859525889048194
mom,diag,recent_18m,2025-03-31,2026-08-31,18,17,2025-04-30,2026-08-31,0.041656559839223214,0.07878272421212729,0.5287524676991416,-0.05758297169089144,0.41895777534647877,1.0665681179178523,0.03662159102335178,0.4654022186272456,0.031586622207480354,0.40188623167893944,0.026551653391608938,0.33821010565822324,-0.05843280328787248
rev,mv,full,1990-01-31,2025-12-31,432,432,1990-02-28,2026-01-31,0.0027753742214215713,0.04781472674746671,0.05804433926977559,-0.22795781583895325,1.699466509837794,1.4958884164018218,-0.017618223896631955,-0.3685504175728379,-0.038011822014685476,-0.7948809974779244,-0.05840542013273901,-1.220219402610118,-0.7640786959375974
rev,mv,common,1995-01-31,2025-12-31,372,372,1995-02-28,2026-01-31,0.0022092724892377093,0.04970513372884314,0.0444475715786215,-0.2279578158389527,1.7388357758890622,1.4951782432603313,-0.01865675682143103,-0.37542899884777675,-0.03952278613209978,-0.7950766196013815,-0.06038881544276853,-1.2138498321111961,-0.7198627876482597
rev,mv,post_2010,2010-01-31,2026-08-31,192,192,2010-02-28,2026-01-31,0.01281909397305354,0.04384488845873957,0.29237373896200025,-0.14073771727803364,1.7791343433969142,1.472969290337744,-0.008530518147709427,-0.19419443398163036,-0.029880130268472395,-0.6784351306124545,-0.05122974238923536,-1.159315310838119,-0.40312689133079493
rev,mv,recent_18m,2025-03-31,2026-08-31,10,10,2025-04-30,2026-01-31,0.014715924780709952,0.05372679635075566,0.27390288981008587,-0.021285641239834896,1.4883499032773042,1.3374756616893568,-0.0031442740586177017,-0.05823654769725445,-0.021004472897945346,-0.38707126776779616,-0.038864671737272996,-0.7124885591829249,-0.03408499988757008
rev,diag,full,1990-01-31,2025-12-31,432,432,1990-02-28,2026-01-31,0.0038586385285732166,0.05411609502095289,0.0713029742275235,-0.2280832780128591,1.4939184093421045,1.3772810047266322,-0.01406838238353204,-0.26028067278480876,-0.0319954032956373,-0.5924432060073261,-0.04992242420774255,-0.9248100368262495,-0.7134030513513914
rev,diag,common,1995-01-31,2025-12-31,372,372,1995-02-28,2026-01-31,0.002562120022620796,0.056634629980988595,0.045239459028528335,-0.22808327801285933,1.5194407926923095,1.3636835990408922,-0.015671169489686915,-0.2770359084839071,-0.033904459001994625,-0.5998720556556797,-0.052137748514302334,-0.9229345641065124,-0.6761860358041494
rev,diag,post_2010,2010-01-31,2026-08-31,192,192,2010-02-28,2026-01-31,0.008486075994567088,0.0458792957145949,0.18496526292289048,-0.19016611798300875,1.5826730522992534,1.3538088507341872,-0.010506000633023952,-0.22899824143735387,-0.029498077260614992,-0.6426542300410371,-0.04849015388820603,-1.0553688681091877,-0.4100130546400712
rev,diag,recent_18m,2025-03-31,2026-08-31,10,10,2025-04-30,2026-01-31,0.0026102580400459083,0.04504802358018797,0.05794389703689231,-0.029431660267758675,1.3814162259184743,1.2763588177183576,-0.01396673667097577,-0.3094450875712518,-0.030543731381997466,-0.675262472221807,-0.04712072609301917,-1.039257565861896,-0.04431252332941915
rev_orth,mv,full,1990-01-31,2025-12-31,432,432,1990-02-28,2026-01-31,-0.0033649287899576957,0.04289419443845058,-0.07844718461343468,-0.2543341519501121,1.7809572944839474,1.525234661590071,-0.024736416323765067,-0.5769598948077548,-0.04610790385757243,-1.0751450278046277,-0.06747939139137979,-1.5718881806411176,-0.8217587066428008
rev_orth,mv,common,1995-01-31,2025-12-31,372,372,1995-02-28,2026-01-31,-0.003381599998080436,0.044046928722821545,-0.07677266261537016,-0.23525954731972276,1.8194831994204492,1.5267028199542096,-0.025215398391125833,-0.5727012790090041,-0.047049196784171216,-1.0682870955373078,-0.0688829951772166,-1.5624900935129495,-0.777448642846006
rev_orth,mv,post_2010,2010-01-31,2026-08-31,192,192,2010-02-28,2026-01-31,0.006584117400174722,0.04076746560816672,0.16150421180108293,-0.1505868822966676,1.866114549912215,1.5115911082940834,-0.01580925719877186,-0.3875148962669065,-0.03820263179771844,-0.9349030686788783,-0.060596006396665014,-1.4791874220779329,-0.4755449279167515
rev_orth,mv,recent_18m,2025-03-31,2026-08-31,10,10,2025-04-30,2026-01-31,-0.006836582695623723,0.05616399120275476,-0.12172537152752061,-0.0523620583774399,1.5350650932462735,1.352516217316999,-0.025257363814579013,-0.451665263347431,-0.04367814493353431,-0.7843968018353695,-0.06209892605248958,-1.1198342351507047,-0.0638585915255202
rev_orth,diag,full,1990-01-31,2025-12-31,432,432,1990-02-28,2026-01-31,-0.0027991771556501576,0.04448237612357546,-0.0629277794844823,-0.24727189379997105,1.627066555873269,1.4231638703350469,-0.02232397582612939,-0.5022990824957837,-0.04184877449660862,-0.9419109396105849,-0.06137357316708785,-1.3810256310320315,-0.7965334865185272
rev_orth,diag,common,1995-01-31,2025-12-31,372,372,1995-02-28,2026-01-31,-0.003323955216245106,0.046550515357170336,-0.07140533656268332,-0.24727189379997172,1.6525728872679795,1.4137483305815741,-0.023154829863460864,-0.497802842769326,-0.04298570451067662,-0.9243951247053992,-0.06281657915789238,-1.3505257965729969,-0.7532278443756724
rev_orth,diag,post_2010,2010-01-31,2026-08-31,192,192,2010-02-28,2026-01-31,0.003130675367322357,0.043173529905070944,0.07251376883488611,-0.21430158395021892,1.7072596003910459,1.4026310300510936,-0.017356439837370195,-0.4018677873972952,-0.037843555042062736,-0.8753522505745865,-0.0583306702467553,-1.3470575631266912,-0.4938175964878784
rev_orth,diag,recent_18m,2025-03-31,2026-08-31,10,10,2025-04-30,2026-01-31,0.012611864650357832,0.054139612783066,0.23295077304842898,-0.04529134874131113,1.4591875354320631,1.303548714361173,-0.004898385774826921,-0.09080068950394861,-0.02240863620001169,-0.41683733910556,-0.03991888662519644,-0.7450879093104489,-0.05403798420529726
blend,mv,full,1995-01-31,2025-12-31,372,372,1995-02-28,2026-01-31,0.032064597231005396,0.06616555376370661,0.4846116356180728,-0.19633816274446136,0.5794692112500957,1.2194172145949562,0.025110966696004242,0.3797390021925318,0.0181573361610031,0.27472421661461616,0.011203705626001953,0.1695894192465478,-0.22950810980983627
blend,mv,common,1995-01-31,2025-12-31,372,372,1995-02-28,2026-01-31,0.032064597231005396,0.06616555376370661,0.4846116356180728,-0.19633816274446136,0.5794692112500957,1.2194172145949562,0.025110966696004242,0.3797390021925318,0.0181573361610031,0.27472421661461616,0.011203705626001953,0.1695894192465478,-0.22950810980983627
blend,mv,post_2010,2010-01-31,2026-08-31,192,192,2010-02-28,2026-01-31,0.03023096830065483,0.053262210413456704,0.5675875647289503,-0.09154284603525531,0.5424251685230169,1.1697050993103324,0.023721866278378627,0.44555553847512325,0.017212764256102426,0.32340245858128985,0.010703662233826225,0.2011556601193763,-0.09884643783349423
blend,mv,recent_18m,2025-03-31,2026-08-31,10,10,2025-04-30,2026-01-31,0.04092265598292791,0.05383928647989576,0.76008912187588,-0.04316596043076948,0.5338756414386566,1.1983395458879789,0.03451614828566402,0.6400633019275398,0.028109640588400143,0.52042009162094,0.021703132891136262,0.40116001589420797,-0.0463826613227577
blend,diag,full,1995-01-31,2025-12-31,372,372,1995-02-28,2026-01-31,0.03150541551245266,0.06858314773682701,0.4593754668909026,-0.2007057040182717,0.5026891127807921,1.1258176229136163,0.02547314615908315,0.3715761446734238,0.019440876805713644,0.28367742888418773,0.013408607452344137,0.19570290673526222,-0.2234327442931191
blend,diag,common,1995-01-31,2025-12-31,372,372,1995-02-28,2026-01-31,0.03150541551245266,0.06858314773682701,0.4593754668909026,-0.2007057040182717,0.5026891127807921,1.1258176229136163,0.02547314615908315,0.3715761446734238,0.019440876805713644,0.28367742888418773,0.013408607452344137,0.19570290673526222,-0.2234327442931191
blend,diag,post_2010,2010-01-31,2026-08-31,192,192,2010-02-28,2026-01-31,0.0305255999884141,0.05250173331005688,0.5814208039216645,-0.07404938584126741,0.4900732537925932,1.1075103131680049,0.02464472094290298,0.46942591168829756,0.018763841897391866,0.3573835025010422,0.012882962851880748,0.24533012478207175,-0.08603803285092093
blend,diag,recent_18m,2025-03-31,2026-08-31,10,10,2025-04-30,2026-01-31,0.046707937371987196,0.061982151910140726,0.7535707608167996,-0.04120068041671976,0.5144390601609792,1.164761680268427,0.040534668650055436,0.654489860121196,0.03436139992812369,0.5552387232121468,0.028188131206191944,0.45582421519670724,-0.044153860078204765
