id,dimension,value,mom_lookback,rev_measure,min_analysts,cov_halflife,target_active_risk,cost_bps,industry_set,neutrality,status,months,first_formation_month,last_formation_month,ann_return_net,ann_vol,sharpe_gross,sharpe_net,sharpe_net_post_2010,avg_monthly_turnover,alpha_ann_ff5_umd,alpha_t_ff5_umd
base,base,base,12,net_ratio,3,30,0.05,20,49,dollar,ok,372.0,1995-01-31,2025-12-31,0.01815733616650974,0.06616555376325295,0.484611635701748,0.2747242166998348,0.3234024588117903,0.5794692112421762,,
cost_bps=10,cost_bps,10,12,net_ratio,3,30,0.05,10,49,dollar,ok,372.0,1995-01-31,2025-12-31,0.02511096670141585,0.06616555376325295,0.484611635701748,0.3797390022769817,0.4455555386962311,0.5794692112421762,,
cost_bps=30,cost_bps,30,12,net_ratio,3,30,0.05,30,49,dollar,ok,372.0,1995-01-31,2025-12-31,0.011203705631603621,0.06616555376325295,0.484611635701748,0.169589419332524,0.20115566035853355,0.5794692112421762,,
mom_lookback=6,mom_lookback,6,6,net_ratio,3,30,0.05,20,49,dollar,ok,372.0,1995-01-31,2025-12-31,-0.02280045903371035,0.05736290126373304,0.14568834716091916,-0.3976558337577813,-0.15480204315247864,1.298231887799109,,
mom_lookback=9,mom_lookback,9,9,net_ratio,3,30,0.05,20,49,dollar,ok,372.0,1995-01-31,2025-12-31,0.0025656294494077357,0.06333951395741835,0.32456206662123877,0.04059432073156215,0.10895003101418735,0.7496655874748653,,
rev_measure=consensus_change,rev_measure,consensus_change,12,consensus_change,3,30,0.05,20,49,dollar,ok,369.0,1995-04-30,2025-12-31,0.009175172551922243,0.06272864961190136,0.38459939072049404,0.14640460514592243,0.20306578170714282,0.6229261612305992,,
min_analysts=1,min_analysts,1,12,net_ratio,1,30,0.05,20,49,dollar,skipped: needs data/raw and data/interim,,,,,,,,,,,
min_analysts=5,min_analysts,5,12,net_ratio,5,30,0.05,20,49,dollar,skipped: needs data/raw and data/interim,,,,,,,,,,,
cov_halflife=18,cov_halflife,18,12,net_ratio,3,18,0.05,20,49,dollar,ok,372.0,1995-01-31,2025-12-31,0.01799753764776859,0.06478040777083194,0.49548420440335644,0.2782124900531976,0.336606405245213,0.5875054648952951,,
cov_halflife=60,cov_halflife,60,12,net_ratio,3,60,0.05,20,49,dollar,ok,372.0,1995-01-31,2025-12-31,0.018145916017136946,0.07025953727491928,0.45423212905785787,0.2584303633178586,0.3060472145915993,0.5736759660778985,,
target_active_risk=0.03,target_active_risk,0.03,12,net_ratio,3,30,0.03,20,49,dollar,ok,372.0,1995-01-31,2025-12-31,0.010896912968575898,0.03969933225795177,0.484611635701748,0.27479032164310835,0.3234641882288375,0.3475768905507201,,
target_active_risk=0.08,target_active_risk,0.08,12,net_ratio,3,30,0.08,20,49,dollar,ok,372.0,1995-01-31,2025-12-31,0.02902831692349489,0.10586488602120471,0.4846116357017481,0.27449685013737596,0.3232086039463575,0.9281266106091774,,
industry_set=30,industry_set,30,12,net_ratio,3,30,0.05,20,30,dollar,skipped: needs data/raw and data/interim,,,,,,,,,,,
neutrality=dollar_beta,neutrality,dollar_beta,12,net_ratio,3,30,0.05,20,49,dollar_beta,ok,372.0,1995-01-31,2025-12-31,0.0205967428397326,0.06251111477291818,0.559029974441329,0.3297179670223275,0.33590321251764177,0.5978685022529513,,
"heatmap:mom_lookback=6,cov_halflife=18",heatmap,6x18,6,net_ratio,3,18,0.05,20,49,dollar,ok,372.0,1995-01-31,2025-12-31,-0.0238051965290434,0.056614511817042225,0.15662480996509512,-0.4207052673667357,-0.1314482987116827,1.3613514034855945,,
"heatmap:mom_lookback=6,cov_halflife=60",heatmap,6x60,6,net_ratio,3,60,0.05,20,49,dollar,ok,372.0,1995-01-31,2025-12-31,-0.02240292383075637,0.06006829230663211,0.12232801155410618,-0.3729783306578123,-0.1791373877779917,1.2396232744198956,,
"heatmap:mom_lookback=9,cov_halflife=18",heatmap,9x18,9,net_ratio,3,18,0.05,20,49,dollar,ok,372.0,1995-01-31,2025-12-31,0.002025489708192838,0.061971124120380985,0.3296228074230211,0.032767213074570554,0.13878402601257978,0.7667335918136516,,
"heatmap:mom_lookback=9,cov_halflife=60",heatmap,9x60,9,net_ratio,3,60,0.05,20,49,dollar,ok,372.0,1995-01-31,2025-12-31,0.0032538080519337793,0.06726799640138707,0.3101483351726734,0.04845199512890614,0.08086620050403764,0.7337187100982419,,
