return_month,blend_net,mom_net,rev_net,rev_orth_net
2009-01-31,0.0283571786137585,0.0268409515333689,0.0317239329887397,0.0269564925352197
2009-02-28,0.0108661156634123,0.0196320321858099,-0.0220922453994047,-0.0277643974680009
2009-03-31,-0.0264650728143278,-0.0241839315980911,-0.0219560422208432,-0.0161413625070818
2009-04-30,-0.1209041373241067,-0.1219149103890405,-0.0761921370071569,-0.0303325630011887
2009-05-31,-0.0139114213809148,-0.0106919395070191,-0.0284196813169421,-0.0274833279818417
2009-06-30,0.0039862870163083,0.004559400249174,0.0001811818003654,-0.002050988490957
2009-07-31,-0.0192219566811477,-0.0172154548680763,-0.0343768056515772,-0.02898687249655
2009-08-31,-0.0108287865483805,-0.0107689706301437,-0.0162711220252561,-0.0149660719432467
2009-09-30,-0.0059498856052811,-0.0003208317384157,-0.0120888508128976,-0.0110125878352915
2009-10-31,0.0101498950566098,0.0156464285677645,0.0071370121862078,0.0033761474873751
2009-11-30,0.0115428177312288,0.0025655382220031,-0.0099404016939709,-0.0127942365322887
2009-12-31,-0.0014902271381386,-0.0001761186171319,-0.0144826601134707,-0.0151656350825877
2020-01-31,0.0244475038326487,0.0339572539137814,-0.0080283176799355,-0.0072631610491219
2020-02-29,-0.0073862606302742,-0.0073893371007366,0.0087111110444017,0.0106917244717376
2020-03-31,0.0387945949280482,0.0443556423830387,0.0431718832348971,0.0306358381562698
2020-04-30,0.0256089913981816,0.0243632513712258,0.0023852493978247,-0.0034547627087515
2020-05-31,0.0001625329253486,0.0013286436170152,-0.0120279901351721,-0.0139653691594602
2020-06-30,0.0127345820243074,0.0190256282153429,0.0066088227430911,0.0014589922148109
2020-07-31,0.023556559048567,0.0303097653378835,0.0017139246571049,-0.0031859811929713
2020-08-31,0.040269066065033,0.0327955343776861,0.0068438663519459,-0.0100006739993326
2020-09-30,-0.0114907856998688,-0.0193281522471689,-0.0089081328950019,-0.0030969937824745
2020-10-31,-0.0154332994782267,-0.0026606321546159,0.0023340257717866,0.007064534795507
2020-11-30,-0.0239781340428147,-0.0161871495666398,-0.0125177966537479,-0.0070452127660227
2020-12-31,0.0114649907872977,-0.0035307989800746,-0.0091541632787757,-0.014199393931183
